region,attraction,article
,溹," Ǫ  溹  ñ Դϴ ^^

ʽְ Ѻ ԰ ȳ  ̱ε Բ
ִ , ִ ǳ ġ ȸ,
 ã  
ڴ ѵ԰ ںνɿ Ϸ簡   Դϴ.

 溹  !"
,溹,"߰  , ߱  Ǿ. ᰡ ־ ұ ߴµ 3õ̶  ƿ. ذ ʰ  ߰並   ٸ ð Ͽ  ⵵ ߾.  Ƽ ϴ          Դٰ ؿ. ȸ ȴٸ    غ ;!"
,溹,"溹  ôµ  ٽð ź̳׿..
 ͵    еǴ ΰ ƿ.
 ɾµ...   ȭǰ 󱸿.  ܱε鵵  ־ϴ.^^"
,溹, ι° 濡 Ͽ ģ Žϸ  ҽϴ. 溹õ ûʹ뵵 Žϰ ϼ.
,溹,", ѹ  ~ڰ å ϱ ƿ"
,溹,͵  ȭο 
,溹,ûʹ  迡 鼭 溹õ ѷþ!  µ  Ӱ ׿
,溹," 
Ƹٿ  
ϴ åϱ⵵ 
Ӱ ð ⿡ ҽϴ"
,溹,ϰ Ǿְ ťͺе  ϼż ̿  ð  Խϴ..츮   ϰ ڶϴ.
,溹,ſ츸......翡 ϴ
,溹,  ñü
,溹,θ̶ ٳԾ. ذ   ȸտ ۻ 
,溹,ϱð ̰ ڽ ø   ڽϰſ
,溹,ûʹ ϰ 溹  ϰ Գ׿. ̼   Ƽ ʹ Ҿ.^^
,溹,   Ǿ^^
,溹,εǰ ó Դµ  ¥̰ڳ׿   ñ⿡ ͼ   ɵ ̻
,溹,ɿ   ȭ    ǰ ־ ѵմϴ.
,溹,溹  ٳôµ Ǵº Ž ι°Դϴ. ɰñ ʹ  ︳ϴ. Ѻ԰ ~~
,溹, . û ǳ. õƺ ҳ׿.  տ  ⵵ ׿.
,溹,"10, 14ÿ ϴ 
  ߾.
 ս ȣϴ  
 10ÿ  
溹 ѹ ƺ   .
   ûʹ뱸 ϰ ."
,溹,  Ѵ ŷִ 溹 ????
,溹,Ƹٿ 溹   ٷ???? Ƹٿ 츮 ȭ 
,溹, ' ̹'  ־    溹     Ҿ.  ߰  ;
,溹," ʹ Ұ,   溹õ ʹ  հ ߾䤾"
,溹,  ϱ ƿ^^. 𷡹ٶ   ׶ ì ƿ Ѻ԰ 湮   Դϴ
,溹,溹  ׻  ̶( ° ɸ)  ε ̼ ϰ Ⱦ. ܿ̾ ġ־ ó õõ åϸ ѷþ.   3õ̰  μ ڹ ̶   ƿ^^
,溹,    ƿ.
,溹,"ûʹ 湮ϴ  Բ ѷ  .
  .
ȭ     ý   Ƽδ  ϸ  ڴϴ ƽ ־."
,溹, ʹ  ſ  ??
,溹,ʹ а ϴ.  ʾҾ  ƺſ.    ߰ھ.
,溹,   ϰ ٴϱ ƿ!
,溹, ϴ:)
,溹,   Ǿ ƽ ׻ 鼭  Դϴ.
,溹,ƹ̻굵  ̶ ʹ ƿ
,溹, .. ̵ Բ   ٸ׿ :)  Ƽ  ɾٴϱ Ҿ!
,溹,ȸ  Ƹٿ̾!
,溹,  ſ
,溹,溹 ??
,溹, ޸ ¾ ϴ  溹ÿ  ð ϴ. 溹 ̸ ǹ̴ ϴ  ū  츮 ο Բϱ⸦ ٶϴ.
,溹,  մϴ~
,溹,   湮ϰ Ǿ ҽϴ.  Ѻǿ ̷ ñ ִٴ  ڶ ڳ׿.
,溹,̿ ó ҽϴ
,溹, üϷ µ   ٰ ҽϴ
,溹,ᰡ Ʊ  
,溹, ˴ϴ ð Ǽ
,溹," 3,000 3  25 ̸   65 ̻  "
,溹, ϱ.. ܱε ϱ ƿ
,溹, İ  Ƹٿ~
,溹, ð ٳԴµ Ҿ~
,溹,溹  ϰ Խϴ   ַַ ȴµ ħ ñ~~~
,溹,溹   ʹ ׿
,溹,ƿ  Ѻ ԰  ҰԿ
,溹, üߴµ վϴ
,溹,ϰ ؿ
,溹,ǰҳ׿
,溹,ûҳ ῡ!
,溹,  溹 ʹ ҳ׿.
,溹,Ƽ ׷  ʹڰԳԾ
,溹,ʹ  츮  ؼ   Ƹٿ
,溹,ʹ ׿. ؼ    ϴ.
,溹,溹 ƿ.
,溹,Ƹٿ ñ. ȭ ޷  â!  Ѻ԰ ;~
,溹,溹 Ʈ ſ䢾?
,溹,ʹ ƿ ֵ鵵 ؿ
,溹,縦   ȸ ̿
,溹,ƺ ſ ð ½ϴ
,溹,溹 ƿ !!
,溹,̶ åϱ ʹҾ
,溹, 溹 湮
,溹,  ҷ ƿ
,溹,溹  õԴϴ!
,溹, ߾ ~
,溹,  ʹ Ҿ
,溹,"åϱ⿡ ʹ  , ʹ  Դϴ.   ̾."
,溹,縦 ǵ  ־ Ҿ
,溹,ų 溹~
,溹,̵  湮
,溹, ϰ ϴ. ǽϽñ
,溹,320 溹 ̸ .
,溹,      ̳׿1
,溹,  ſ ƾ
,溹,  ߾~
,溹,θ ð åϱ ϴ.
,溹, ߾ ?
,溹,   ƿ
,溹, ʿ °
,溹,  
,溹, پؿ
,溹,츮 溹 ְ!!
,溹,溹   ƿ
,溹,ʹ Ҿ 
,溹,Ϻ ʹ ȴ
,溹,հ â µ 溹 ߳׿ â   ѹ ʼ
,溹,Ƹ ƿ
,â,"â 湮    ȫȭ 巯 Ǿ־  Ưؿ.   ¦   ֺ ޷,  Բ ʹ ̻.  ٸ ɵ鵵 Ǿ־ ɱ ðϱ ʹ ƿ."
,â,"â ⺻ å ϰ ϰ ׿     ,~^^"
,â,"4 2Ͽ 湮ߴµ Ŀ Ա 㺢 â ڰ Ǿ!!????   Ƽ ٵ  ̴ ǥҵ   嵵  ٷȾ??  տ ҽ ְ,  û ƿ䤾 ׷ â  ƿ~"
,â,￡ ̷ Ŀ  ִٴ..  յ â ߴ ˰ ƿ.   µ ٸ   ;. Ѱ ƽ ŸαⰡ ȭǸ鼭 Ŀ  Ÿӿ 50 80 ôٺ  Ŀ  ϰ ؼ   ȵ鸱 ִٴ° Ф
,â,"θ 30 ,   15  ٽ ã â Ŀ. ų ãƿ ̰Ǹ   ο  ִ ɵ. Ư â Ŀ Ա  α ȫȭ  ׸  Ҵϰ . ֱ μ Ƿ ϰ ϵؼ   ι    ̾߱Ⱑ  £   å̾ϴ."
,â,츮  ٽѹ ϸ鼭 ٳԴ ؼ԰ ٴϸ鼭 ~ ^~^.
,â,"ʹ Ҿ
 Ƽ Ǯ  ǪǪؼ
ġ  ׿
 Ŀõ
θ ð  ͵   
̵  õ"
,â,"# â
ȫȭ  1. 3 23Ͽ µ ȭ  Ǿ ʾҰ ٸ  âȣ ̶       ڼ   ־
2. 3 30 ȫȭ  Ǿ־ ȳ  ִ ȭ  ִ ̿
3. 4 1  (ȫ)
4. 4 2 

# Ŀ (42)
  ڸ  Ŀ ̱    ޷   ̰ ٸ  
۳ ϶  Ŀ ؼ ó̿µ ʹ հ ģϰ  ּż Ұ ٸ  ӹ  ٴ ƽ ־
׸ Ŀ  ȭ  ٷ ö   ִ ⳪ ִµ 750  ⳪̴  ڼ Ƶνñ"
,â,"â ںе ںе
  ʴϴ.^^
 ã   
 ο ,
ٳ   Ǵ Դϴ.
ѹα ȭ~^^"
,â,ƿ. ׷ Ұ ġ ʾƿ
,â," ټ 
2ð ٷ ſＦ?..
  ȼ°  ̻۵
ϱ   ƿ
 Ŭ?   "
,â,  Ѻǿ 츮     ִ  ־ ҽϴ.  24̻ û   õ ÷ּ 
,â,â Ŀ ؼ   ϰ Գ׿.
,â,"   

  ȭâ  ڽ   ߳׿.  Ǹ ҸӴ ð , ģ Ѻ԰ ٽ  .!! 

  ٽ °ɷ??"
,â,"Ŀ ʹ ϴ.  ʿ.
2022 5 25  2:54 ǥ 1 īͿ ٹϽ   մϴ.
(λ 糪 ߳⿩) 3ÿ ߴµ, (2:54 )6 ʰ Դٰ Ҹ   ũҸ  տ ְ, ˼ϴٰ ߴµ, ұϰ  ȭ .   ġ 鼭  ؾ ұ?   ݾƿ?  ڸ  Ȱ ūҸ  ׷óİ  ;, ̷  ˷ ϴ°  ȿ̶    ϴ. ׷  ϱ ø, ׸ νô  ?   ٸ   ģϰ  ֽô  νŹ, ǼҸ    Դϴ"
,â,￡  Ƹٿ   ϳԴϴ. Ŀ  6  ϼ!
,â,ǰ- ñ (ȭ)  . 
,â,׳ å  ̵  Բ Ͻñ~
,â,â  迡 Ŀ þ. ʹ ҽϴ. Ŀ ø ؼ԰ Ա Բ ̵մϴ.
,â,츮  ö Ƹ   ̴ Դϴ.
,â,̶׷  ذ ߵ׿??  о ϰ   ־ ڰҽϴ.
,â,øȫŸ  . Ȱ¦ øȫ ѷ   Ƽ 鿡 Ѽ  ʰ Ҿ
,â,"Ӵ ð  Ŀ ʹ Ҿ:)  Ұ,   ٽ   ƿ~"
,â,âó ñȵ  ñȻå ɵڰ Ǿϴ
,â,â  ̴ ٱ ǳ  Ƹٿ. â ü ڰ ǰ  ǳ׿. âȣ    ҽϴ.
,â,   ʹ ׿^^
,â,â ʹ Ф Ŀ !!! !!
,â,ȫȭ  Ŀ  ʾƵ â üε  ŷ ġ  ƿ.
,â,ʹ  츮  蹮ȭ
,â,    Ǵ  õ
,â, ⿬    ְ~~
,â,â Ŀ...?????? ڽ 츮 ȭ
,â,ȫȭ ̷ ̼  ־  ׿
,â,â..ֽϴ.  ѹ ؿ
,â,ȭ ڰ ~ åϱ Ҿ
,â,ǳ       ׿.
,â, 24 ϴ  ź .
,â,ȴٰ  µ ʹ ׿!
,â,ȫȭ  µ  ׿Ф ׷   Ҿ
,â,"ó ϴ. â ٴ    ִ  ֽϴ. ׸  İ  ÿ   ִ ̱⵵ մϴ.  ð ȴٸ ׳   ó ؼ   ׳   ⿡ ƽ Դϴ.   ƽð ñ ٶϴ. 1989  Ұ, ź  ̾ ñ̾ٴ Ǹ ؾ  ˴ϴ."
,â,  â  ̷  õմϴ
,â,24ϱ â ̶ ٳԴµ  ~~
,â,â  ־ ϴ ̿ϱ ߾ û̵ ϰ ־ϴ
,â,"âÿ Ŵٸ  Ŀ ϼ.
Ŀ  ð Ͽ ڷγ19 濪Ģ  Ǹ ؼ Բ ϱ⶧ âÿ ؼ  ڼ   ְ 츮    Ƹٿ   ֽϴ."
,â," Ϻ ±迡 鷶µ Ҿ!
Ͽ µ    ؼ ׿
Ŀ ߴµ 뵵  ְ   ؾߵǼ Ź Ѱ Ű ô° õ!"
,â,Ƹٿ â. ȭؼ Ǹؼ  ϴµ   Ǿ!
,â,â Ŀ  Ϲݱ ߰ ߾
,â,  ſ!  ĿԴϴ~ Ŀ ͳ ̸  :)
,â,"ձ ̿ϸ ϴ. 3  溹  â â  ѹ ̿  ־. â Ŀ   ؾϱ  ¶ο  , Ŀ ǥҿ ೻ ձ Ȯϰ    ϸ ˴ϴ. ŷο  մϴ."
,â,Ŀ  湮ϼ! ʹ Ƹϴ!!
,â, ʹ ޴ϴ
,â," 24̸̶ , ī 6̶   ᳻ ̰  Խϴ^^"
,â," ϸ 溹ø Ͻô е 
蹮ȭ  â ϰ پ    ְ  ŷ   ִ Ư ̶ մϴ.
 ؼ Բ  ѷö 帮 ͳ׿.
׸ â Ŀ   ƴ϶  ٲ  鸮 ͳ׿."
,â,"â ȫȭ 3/31     ƿ,    ñ å Ϳ"
,â,24 â âȣ ٳԽϴ. ո â  â ̿  ſϴ
,â,ʹ Ƹ ƿ^^
,â, ձ  ִٸ׿~ п 츮  ϸ ϰ  ٴϰ ־ л  ʹ׿
,â,  켭 Ÿ ׷ ʹ Ҿ
,â,ڶ 蹮ȭ
,â,ȫȭ ʹ   θ̶ ٳԿ
,â,"ġ  ؼ ģ,  湮ϱ ʹ ƿ."
,â,ʹʹʹʹ տտ ƿ
,â,457п ߱ϰ  ȭǰٰ µ 5ÿ 帶̶ ƿ  ݾƹ ǥҵ ݾƼ .. ߱Ҷ ȳ ּ Ͱƿ..
,â,   ܿ￡ ٳԽϴ ߿ ҽϴ 㿣   ͺ ͳ׿
,â,ʹ Ҿ~~ ̶ ǰ ǳ ҳ׿
,â," .
 ϴ.
Ƴ ſ ð 
 Խϴ."
,â,ƿ. ũ ???.
,â,Ƹٿ â    åϸ ʹ ƿ
,â,â ȫȭ ̿#^^
,â, Ƽ â ϱ⿡  ҽϴ.   ȳ ð 缭   ð    ϴ ذ  ƾ.      ϰ Ϸ ;߰ھ. 츮    â õ :)
,â,Ƹٿ ź ~~
,â,Ŀ ϴµ   ް  ϵ
,â,ƿ! ׷  Ŀ  Ѱ Ф
,â,"   湮ϱ ƿ??

??  3õ
??Ѻ , 24 ̸  "
,â,"ܿ ,   , â.
ʴ  ϴ  . 
ſ  ȭ ̷ ε
     ϰԵ˴ϴ.
 Ƹٿ ."
,â,ʹ ƿ Фа溹 ȭϳ ޹.. ϰ ¼ ϰ ˻ϴٰ â ó ͺþ!! ʹ а ̶ ǳ ̻  ʹ ̻..!!      ° ִµ 5 ̴󱸿?? 㿡  ͳ׿  24 ̸ ~~ ʹ ̻ 
,â,ǥҿ  Ͻø ٷ   ־!! ȿ ʹ    λ   ִϴ٤
,â,Ŀ ߾:) ؼ е ʹ Ұ   ؼ ְ!!
,â,߰ϰ Ŀ        Ư Ͻ  ϼ
,â,¥  ̻Ф ̳    湮Ϸ䤾
,â,????????????
,â,    ְ Ф
,â,Ƹٿ ȭ  ޶ 湮غҽϴ :)
,â,ι߱ޱⰡ ʰ̳ ̳ʹ?  ±׷󱸿?
,â, ʹ  ¯
,â,óԾ. â ȭϰ ڽ
,â,ϰ  ְԴϴ~^^
,â,"â
׽ ȭ
ññ
ڿ

 ƿ~~"
,â,ʹ  츮 ??  ְ ּż 湮     â Ŀ ñ õ??
,â,ʹʹʹ ƿ 
,â,ƿ   ãư
,â, ¯¯ ǳ ¯¯
,â,Ƹٿ 츮 â!
,â,ʹ Ƹٿ
,â,"1405(5)   ̴.
ֶ  溹, âð Բ ҿ Ÿ   ٽ  
溹 ߰ǵǱ   ߽  ߴ. âð ־  ϸ ."
,â,Ŀ â    ѴٴϤ̤ 3õ   ִ   .   ᰡ Ʊ.
,â,ģƿ
,â,Ǫ ϴ  ̰ ǹ ϰ Ƹٿ
,ѱ  ,ϱ ϰ 뵵 մϴ. ũ  ǹ ߿ܿ ð ߵǾ ־ ̵鵵 մϴ.
,ѱ  ,õ   ϰ ƿ
,ѱ  ,پ ø   ־ ƿ 6.25ô  Ըϰ ϳ׿
,ѱ  ,Ķ Ÿ    ϴ. Դϴ!!
,ѱ  ,  Ÿ  ̿
,ѱ  ,   !
,ѱ  ,Ÿ Ƽ ƿ!!!
,ѱ  ,  Էδ  ̰ ﰢ  밡ؿ
,ѱ  ,ϰ ȸߺýϴ
,ѱ  , ϳ⿡ ѹ ô..
,ѱ  ,2 1  ڸ  ׿.
,ѱ  ,پ˸ӽ ????????????
,ѱ  ,ϰ  ð̾ϴ.
,ѱ  ,Ÿ    ׿~^^
,ѱ  , 2ð ⺻å
,ѱ  ," ڹ   50о ̿밡ؿ.
Ϲ ý ͸ ϴٺ ο  ش .       ִ ãƺ  ̰.    ׿;;;  ȥ °  Ұϰھ;;;"
,ѱ  ,̵ ⿡ ʹ ҽϴ
,ѱ  ,"3ð 30 5,500  Ϳ. ú    ΰ ȥϳ׿."
,ѱ  ,پ˸ӽ ú ٳԾ ۸ ̶  ʹ Ҿ
,ѱ  ,谡  峪 Ʈ ϴ  ... ..
,ѱ  ,̶ üϱ ƿ
,ѱ  ,ʰ԰ ݹۿ   ԸƼ Ҿ
,ѱ  ,ó µ ͵  °͵ Ƽ Ҿ  ˳ϰ
,ѱ  ,Ÿ ƿ
,ѱ  ,ֵ ؿ
,ѱ  ,ƿ ٵ ̵ ʹ Ҹ پٳ ȳ̶  ھ
,ѱ  ,"ī-Ķ 
ȸ Ÿ Ұ ̵带
޾Ƽ   鼭
  ־."
,ѱ  ,±! ְ!
,ѱ  ,#ṫ #ð #ȭʼ
,ѱ  ,̰ ؿ~
,ѱ  ,ī  ٳԽϴ!
,ѱ  ,̹ڹ 湮ߴµ 2ð 47 ϰ 7õ Ծ. ̰ ڹ ΰ ϸ ѰŰƿ
,ѱ  ,о ѷµ ð  ɷ~  ʰ԰   Ф   .
,ѱ  ,̵ ؿ
,ѱ  ,  .....
,ѱ  ,..ѰͰƿ
,ѱ  ,ι޾Ƽƿ
,ѱ  ,ȣ ٽ ѹ  غ  ־ ѹα ̶  湮ؾϴ  ϴ.
,ѱ  ,ȸ 湮ڴ ѽð    ־ ڳ׿     ȸ ִٴ° ʹʹ 
,ѱ  ,"ī Ư  Դµ ׷   ʾ ϱ ҽϴ.
 ǰ ̷ ϴ ͵  ʳ׿.  1 19000  ѵ! ׷ ̵ ~
 ̾   Ұ̴ϴ. 
 нϴ.  1   ξ   ֳ׿!"
,ѱ  , ٵ 50%  ìܾؿ.
,ѱ  ,ϱ ؿ
,ѱ  ,Ʈ  ־
,ѱ  ,ѹα  Դϴ  ѹ 鷯 մϴ  մϴ
,ѱ  ,̵ ϳ׿
,ѱ  , ٽ  Դϴ
,ѱ  ,پ˸ӽõ ̰ ߿ùʹϳ׿
,ѱ  ,"  ο 1ð40п 8,500  "
,ѱ  ,  γ׿ 
,ѱ  ,"28 Ƶ ʹ ؿ~~
 ũ  ̵ 鼭 ϴ Ÿ ƿ~~
  ־~~"
,ѱ  , а ƿ
,߾ӹڹ,"ǥ Ƽ µ  ð ϱ Ҿ   պٰ  õõ ϸ  ٽ ѻ󱸿 

 ð ߼ ȲҰ      ׺  , ȯ ۰ ǰ 鿡  ϴ  ϸ ߴ 1ð  ɷȰ  ô е 1ð ε Ͻǰſ"
,߾ӹڹ,"߼ε ; 2 湮
ʱ⺸    ⵵ ϰ 
  ⵵ ϰ ?"
,߾ӹڹ, ̰ ȸ  1̶ֳ ؼ 湮ߴµ   ޾ҽϴ. ̷ ȸ   ־ ʹ ູ ð̿
,߾ӹڹ,"#̰
 ǰ Բ  ð
  ð  2 3000 ǰ  355 ̶°,, ױ      ͳ׿
׸ŭ   ̰ .."
,߾ӹڹ,߾ӹڹ   Ǹϴ  Ƽ    ǰ   ſ!
,߾ӹڹ,"ī,̰  .   ī信 ~"
,߾ӹڹ, ȸ ſ ð ̾
,߾ӹڹ,̰ ȸ    
,߾ӹڹ,ī ~ Ŀǰ ǰԳ
,߾ӹڹ,   ſ~
,߾ӹڹ,Բ ȭǳ ̰ȸٳԾ^^
,߾ӹڹ,ڹ2 ġְ ָ  ̴ 信 Բ ô ĿǴ ¥ ̵ǳ׿~~
,߾ӹڹ,  ģ ھ
,߾ӹڹ,üϱʹƿ
,߾ӹڹ, ΰŶ   ٴϴµ ߺ Ծ.  湮 õ !! https://blog.naver.com/papkr
,߾ӹڹ,߾ӹڹ ϰ ƿ. 2ð7 ߴµ ڳī 50 ιް 1250  ¾.  ϳ׿.
,߾ӹڹ,մ ð  ְ ȹ  Ǿֽϴ! Ҿ~
,߾ӹڹ,Ӱ åϱ⵵ α׷  ƿ~
,߾ӹڹ, 츮 ְ ڹ̳׿
,߾ӹڹ,  õ ׻ ؼ    մϴ!
,߾ӹڹ,翡. ¼  ͵ ٸ̱
,߾ӹڹ,ϰ  ð ƿ??
,߾ӹڹ, ƿ Ŀǰγ׿
,߾ӹڹ,̰ ǰ ʹ ƿ
,߾ӹڹ,밡 Ǵ  Ǹ
,߾ӹڹ,ȹ ϰ ҽϴ   9ñ ϴ ְ  ƿ
,߾ӹڹ,"ʹ ׿????
 ׷
 а
е鵵 ģϼż  ҽϴ????"
,߾ӹڹ, ϴ ڹ
,߾ӹڹ,߾ӹڹ Ŵ Ը  ϴ. ǾŻǰڹ ޸  츮  Դϴ.
,߾ӹڹ,츮 ְ ڹ̶  Ÿ Ҿ~ ƽ  ߰  ް̶   Դ ó ٽ  Ŷ(?) ̾ ôµ..ٽ ~~ ǵ   ȿ̾ٴ.
,߾ӹڹ,ǹ ҽϴ
,߾ӹڹ,嵵 а  ʹ Ҿ ??????
,߾ӹڹ,"̷ Ƹٿ ڹ  ̶, ~!"
,߾ӹڹ,  ּż   ϴ:) մϴ~??
,߾ӹڹ, .  µ ö ٰ 
,߾ӹڹ, ƺ ƿ~  ߾ӹڹ
,߾ӹڹ, а پ    ־ ƿ
,߾ӹڹ,¥  εǰ ó 10⸸ µ   پϰ о Ϸ縸  °  ʹ վ.
,߾ӹڹ,"ð, Ưð  ֱ   絵 ־  ŷִ Դϴ. п    ߳׿."
,߾ӹڹ,"̿ Բ Ϸ  ѷ  ׻ ð ڶ ,  ΰ ̰    ִ ."
,N  Ÿ,Ż ι޾    ٳԽϴ.  ԵŸ  ü ־ϴ. ٸ Ե ü   ¿ µ~~
,N  Ÿ,"̺ī Ÿ ±濡 ̹  ߰ưŸ   ö󰡼     ٰſ~ 
 ±浵 Ƹ ¿      ִ . 
߰溸 Ϻη ʰ -   ¦ ׿/ Ȥ  𸣴  ī޶ٸ ìܰ..."
,N  Ÿ,"ü   ϸ 
   ƿ. 

̹   ϰ ٷ ϱ ϳ׿^^"
,N  Ÿ,  Խϴ~        ƿ~
,N  Ÿ," 鼭 굵 Ȱfٰؼ ٳԾ. ̺īŸ ɾö󰬴µ åҾ. Ÿµ  ʹδ´ٴ»... .̺ī..
ϸ ε δ㸹 ϳ׿.ݸ ݳ .. ο~^^"
,N  Ÿ,θ ð µ ʹ ϼ̾ 
,N  Ÿ,"ϱ . 忡ؾϴµ ῡ.ָ  Ƽ ȳũ ö󰡴½ð,
Ÿ 1  ð   ʿմϴ.
׷ 1  ѰԴϴ"
,N  Ÿ,       ƴϾ ҳ׿.   ó̶ ȸ οϴ.  ȭǺ   ⵵ ߰.
,N  Ÿ,"߰ ̻  ʹ ƿ䤾 

 ö 
 
 Ż 
̺ī Ż 
   մϴ

   ȾϽô е ָ̳  ϴ°   ƿ!"
,N  Ÿ,ϴ åε??  ߵǾ־   䰡  !!! Ʈڽε ̿ Բε   ƿ!!   ;~!
,N  Ÿ,̰ 걸氡ʹٰ ؼ  ̰׿.  ʹ ְ  ȭѳ ָ   ־ Ҿ.
,N  Ÿ,밡 εǾµ ο. ͼ 1 ö󰥸ؿ~~ åΰ   ߰溸 åΰ ¥ ̻
,N  Ÿ,"  Ǿ!  븦 ٳ԰ŵ! ɵ ʹ ̻ڱ ߰浵 ʹ  
ٸ, ȯ   ֽø ھ
ó 鿡 Ÿ  ʹ "
,N  Ÿ,"Ÿ  ׿ 
̵鵵 û ߾
ٵ ؿ ̺ī ž  ο ð 9õ.... 5ð Ҵµ ¦׿̤"
,N  Ÿ,"ģ ;ؼ µ ʹʹ ҽϴ!
  Ա^^
 밡     ̴ ̳ ǳ⸦ Ѵ븸  Ʋ   ƿ~ ÿ ()   ()  󱸿~
Ÿ Ű ߴ ̷ ǰ ֽñ.. ü  Ϸ翴ϴ մϴ^^"
,N  Ÿ,߰  ^^  ÿϰ   ̳׿뤻濡  Դµ ⿡  ڽ
,N  Ÿ,Ÿ ö󰬴µ. ԵŸ ̰ Ѱ ̳׿. ׿. ÷̽Ŀǵ ̴µ.  ѰͰ׿.  Ǳ 湮  ƽ׿.
,N  Ÿ,"Ÿ븦 ϰ  ٳԾ.
 åΰ  Ǿ ֱ. ƫ ̻ڰ ߾.
ȭ 䵵 ұ."
,N  Ÿ,"?? 5/5 ??

 ǥ ??߰??
 13.0 + ̺ī 13.0 = δ 26.0??
ʼ Ʈڽ~!"
,N  Ÿ,34 ̶ Ծ.  ʱ⶧  ε ̶  ȸ ӳ׿. ̴ ̾ ҰŶ ߴµ ư  ϰ   ʹ ϳ׿.
,N  Ÿ,"㿡  δ   ο ߰  Ⱥ̱ ؿ! ۿ °  ̻ڱѵ ׷ ȯ    ϰԳ׿  Ÿĸ վ!     𸣰,,    Ÿ ־ Ҿ"
,N  Ÿ, Ѵ  Ҿ ̰  ſ߾^^
,N  Ÿ,Ƽ񿡼   NŸ  ó׿.      ʱ   ͸ Ÿ ö  ߰並 鼭 ѹ  1 ҿ䰡 Ǿµ      󱸿 ׳ ̰ 溸 â Ѵٰؼ 30 ´µ  ̻    Ծ. ׳ ĿǼó ߰  ð  ϴ е鲲    ϱ. ׷ 鼭 ѹ    ̾   ȸ ϴ!^^ ׸ ڹ赵 ɰ Ա䤾  鼭    𸣰  ߾   ϴ~
,N  Ÿ,"ڷγ 湮 ܱε ʹ ϱµ, 3⸸ ٽð ׿"
,N  Ÿ,뺸 Ʒ   
,N  Ÿ,"  ҰԿ
ù°,̺ī ̿ ּ մϴ, 3ð 3  ?
°,Ÿ    ȭ
 ϰ  ܱΰ  ׿ ȭǰ......
̹ Ÿ °  ƴϱ Źմϴ"
,N  Ÿ,÷ vip  ǳ׿^^
,N  Ÿ,̿ ö󰡴°    ð̾?
,N  Ÿ,   ҽϴ
,N  Ÿ,߰ ¥ ϴ.   ʹ ʹ  ޶   ƽ ߰ ~~ 忡  ͺ  ݵ 
,N  Ÿ,̰ ſؼ ϴ!
,N  Ÿ," ߰  ҽϴ
ƽٸ â ڱ  ʹ ϳ׿"
,N  Ÿ, αⰣ̶ ϰ  ٳԾ
,N  Ÿ," åο Ⱑ ƿ ŹƮ !
 ü ũ ҰŸ Ÿ µ
(. ̽ũ. Ŀ.ǰ )
ῡ ɸ° Ÿī   ھ"
,N  Ÿ, 湮Ͽµ  ϰ ϴ.
,N  Ÿ,䵵  ĵ  Ʈ ϱ  Դϴ! ! ??
,N  Ÿ,"ǥ  ȼ ΰ ׿
Ż ε ִ Ѱ 󱸿
װ ο ֱ
 ٰϴ"
,N  Ÿ, ʹ  վ!!
,N  Ÿ, ƿ  ~~ ~    ° ξ ڳ׿ ФѤ ̹ 6 30 ߴµ    ְ  !
,N  Ÿ,  Ա ̵Ʈ   󱸿.. żؼ Ҿ     ö󰡸 ߰  ܿ Ұ ٴ.. ׷  ʹ Ҿ  ϴ..!
,N  Ÿ,߰ ڰ   ׿. ѹ õ!!
,N  Ÿ,ѹ   㿣 ĳ̺ī Ÿ ɰ ƿ   ־
,N  Ÿ," + ڹ Ű ̿
̼ ߾  ʹŰƿ
  ۾Ƽ Ƽ
̰ ԰   ־  Ʈ ߽ϴ"
,N  Ÿ,"̼ Ƽ  䰡  ʾ  °Ŷ ߰  Ҿ!:)
ٸ Ծ Ǵµ
 Ļ Ұű ؼ ϴٰ
 Ű  ߴµ  絵 ׷ Ҿ!"
,N  Ÿ,  䰡 Ҿ
,N  Ÿ,ŵ ð ⿡   ̹ Ŵ 忡 ߱Ǳ⿡ ߱ ȵǰ ũ ߱ǵǴ  ߽ϴ. ׷  ؼ ҽϴ.
,N  Ÿ,ȭ ~~~~~  ? ű~~~^^
,N  Ÿ,̵  ߰溸 ҽϴ 㿣    湮 ƾ ڽϴ
,N  Ÿ," Ÿ׿.
̵鵵 ϰ 鵵 Ҿ.
ٸ ̺ī     ڳ׿. պ ݰ 3õ  ۿ ȳ׿.  ̸ ڽϴ."
,N  Ÿ,䰡  ƿ. ȭ    ƺ̴ ̳׿  ̵ ߾
,N  Ÿ," 4⵿      ; µ ...
ιް  ׷  ö  ־!
ָ ð뿡    
ª ȸó    ־ ϴ  ??"
,N  Ÿ,䰡 ־
,N  Ÿ,䰡 ʹ ̻
,N  Ÿ, ̶ ٸ Ÿ  ׿
,N  Ÿ,  ڿ ϴ  Ķ  
,N  Ÿ,䰡 . Ư ȭ  ñ!
,N  Ÿ,õ   μִ Ȱġó? ܱα    ϴ? ׸ Ƽ ȯν 1̼    ϴϱ  ? ũ 3 2 ؾ Ǵ° ƴѰ?
,N  Ÿ," Դϴ
+Ÿĸ+ڹ 3 Ű ؼ µ 濡  ģ ʹ ̾ϰ ȭ  ڽ
 ȳ   ȳ          ö󰬴 µ ø 3ð  ߾ ̷ ˾ ȯϰ ׳ Ȱ  뵵  1 
̷      Ƽ ߱ ų ¶ Ÿ Ƶδ°  
 ö󰡱  5  ðµ ܿܿ ؼ Դµ ߴٰ 5  鼭 ߴٰ Ҹ ܿ ϰ 5  Ƴµ  Գİ ٸ   Ҹ.. ߴ ̾߱⸦ ϼ̾ ̷   ̰  ٽô ȿɴϴ"
,N  Ÿ," µ  ʹ ׿.

 ö󰣰Ŷ ,ð   ɺ   ο.
 մϴ

̺ī Ÿ° ó Ÿ ϴ     ߳ ϼ.  Ӿư  ½ϴ.

̷      ϴ."
,N  Ÿ,Ÿ  湮!  ߰ !
,N  Ÿ,ߴٳԾ Ͽ ϴ׿䢽
,N  Ÿ," ó 湮ߴµ, ̺ī Ÿ ö󰡼 뵵 ߽̿ϴ. ڹ ް ߰ Բ  ߾ Ǿ׿.  ִ ǳ  ο  ߰  ϴ."
,N  Ÿ,"ªŸϾƽ Ÿ,̺Ʈ־,ڽϴ»̵׿"
,N  Ÿ,߰浵   ϰ Ծ
,N  Ÿ,ö󰡴 ʹ ÿϰ ̳׿ ŵ ־
,N  Ÿ, Ұ ̵鵵 ſ߽ϴ~
,N  Ÿ,Ÿ ö󰡴 Ұ͵  ־~
,N  Ÿ,"̿ Բ ֱ  Ÿ :) ̹  ̰ ʹ ߾~~   ,   õմϴ."
,N  Ÿ,ʹ. ͳ ̸ εǴ°ãƼ ϰñ
,N  Ÿ,θ      ߽ϴ
,N  Ÿ,ģƹ ð µ ʹ Ͻó׿.  ʹ μ ε  鲨 ƿ~~
,N  Ÿ,Ͽ ϱ ϰ ʹ ^^   ;߰ڴ
,N  Ÿ,10 ٰ ٽ µ    ƿ. ̿ ſ ð  Խϴ.
,N  Ÿ,"2° 湮̶   µ..̼   䰡 Ҿ.  ̼   ƽŵ.
ũ Ͽ     ̵ ߾.
 ո  ȭ λ Ҿ. Ϻ ణ θ(?) ȭ̶...   ߰ŵ~ ^^;;"
,N  Ÿ, ʹ ׿.. ǳ  Ǹŷ  ѳ    ʰ.. ƽϴ
,N  Ÿ,"ʹ   ʰ  ϱ   Ź ̾ϴ^^
Ÿ  K ťͻ ʹ ̻ڽð ģϽð  !!!"
,N  Ÿ,ذ ʰ ߰ ʾ ׷ ߺԾ^^
,N  Ÿ,  ߿ յл̶    θ̶  µ մٰ ϴ  ׷  ߿  ģ̶ ѹ     
,N  Ÿ,"  꿡 ְ˴ٰ ٷ Ȱ˴ϼż ð ̰׿
ٵ  16000ε ݿ Ÿ  ..ѵؿ 
 Ѿ  Ҵٸ  Űƿ. ԵŸ ̰ ¦ Ÿ    !"
,N  Ÿ,ݿϹ  ſ ð̿
,N  Ÿ,     ø ٽú   .
,N  Ÿ,"  ݾӿ ұϰ  Ƽ, ܿ ,   "
,N  Ÿ,  ߾ ϴ
,N  Ÿ,  Ҽִ°
,N  Ÿ, ٳԴµ 䵵 ְ  ݿ  ٳԽϴ
,N  Ÿ,"䰡 ְԴϴ!!
̶ָ  Ż    ٸ  
밡 ũ պ ʾҽϴ.
̵Ʈ ұ.
2 Ƶ Ʈ  ߽ϴ."
,N  Ÿ, Ұ  Ҿ
,N  Ÿ,ܿ   Ƽϰ Ʊ׿ ܱε   ã°Ͱ ÿ Ű  ҵ
,N  Ÿ,䰡 ƿ. ǳ  .
,N  Ÿ,ó  Ÿε 䰡 ʹ Ҿ !
,N  Ÿ,Ϻ ߰  ̱ ݸ  溹 ֺ   ֽϴ~~^
,N  Ÿ,̿ ߾  Խϴ
,N  Ÿ,"ġ  ο
, ̺ī, , Ļϸ  20µϳ׿
  ̿ϴ° õմϴ"
,N  Ÿ, ʹ ƿ!   ϴ~
,N  Ÿ,"帶ũ   l ƿ!
 ýµ Ÿ ο  Ф ýú ......׾ ɾö󰬽ϴ.
 ̺īŸ° ýõ ߱ ̵ؼ պ̺ õ帮 ̶ ȴºе鵵 ׿! ܹż ¥ հ  ~ Եǵ ܹƮ!!!!"
,N  Ÿ,å ʹ  Ǿ հ  ö󰡴ϱ  ׿ ߰ ѹ  ;߿ 
,N  Ÿ,߰ ׿.
,N  Ÿ,ݴ Ư 
,N  Ÿ,ϰ µ Ѿ^^
,̼ ," ʹ    ſ ð̿.
 ѹ   õ մϴ.
 ǰ    ִ ȸ ġ ʾƿ! 
 ̰ȸ   ̷   ƽ ..
 ̾  Ƶ   Ǿ ε   ȸ   ̰  ʹ ̳׿~


ȸ ׻    ׸  ׳ µ  ۰ ȭ۾࡯ ۰ 衯 Դϴ.
(׳ ٸ ׿.)
ǰ (1ð) ݴϴ.

  û   ʹ ׿.~"
,̼ ,"' ' Ҿ. صȦ  θ־ ̸  Դٰ   ˾Ҵµ   ǰ鿡  ߽ϴ.   뼺, , , , ,  , Űƽ Ʈ, ġ ȭ    ƿ. ̵ Ʈ ״  ϴµ,  ü  '' ϴ ð+û+++  յǾ İ  ϴ. 4  Ե ƶ  ִ ̰    û, ȸ ߾  µ ' 츮 ' ͺ   Ƴ׿(  ° ). Ʈ   Ÿ 뿡  ۰    ߽ϴ. ps.뷡 ó  '߾ ٸ '."
,̼ ,̰ ÷  Ⱓ   ʾ ѷ   õ巯  ġ  ƿ!
,̼ ,ᰳ涧  ׷  Ѿ ųʰ   ȭϴ ̶..ʹ ̿ͼ   ó    . ƽ  ǰ Ҵ
,̼ ,̰÷  Խϴ. ݱ Ҵ ̼  ܿ ְϴ. ǰ鿡 еǳ׿.  
,̼ ,ǰ ְ ּż~մϴ碾
,̼ ,"̰ ÷ Ư  ƿ ø Ҵµ,  ӻ    ־ Ҿ ??"
,̼ ,"Ǳ ƿ. ̶ ȯ  غ ϰ,  ü 鿩ٺ  ִ  ݴϴ ??"
,̼ ,ȸӸ ƴ϶ ǰ ǰִ ǰ Ƽ 
,̼ ,  ҽϴ. ƶ ϸ ʹ   ̿̿??
,̼ ,̰÷  Ʈǰ 
,̼ ,  ߾  : )
,̼ ,̰ ÷ ȸ  ؼ ƿ!  ˾Ҵµ ȴ׿!
,̼ ,"ڲ  ׳ ܰ 7,000   ٿ  ϴµ ǰ  ƴϴ."
,̼ ,߱. .  3ð
,̼ ,  迡 ̰ ÷ ϴ   4.  45.     ýϴ.
,̼ ,鿡 ڰ ־ θԵ  ø Űƿ~
,̼ ,̿ ۰     ̴ Ʊڱ ũ ī   ִ°  ǰ̰ ũ~
,̼ ,̰ ÷ Ӿ ʹ Ѿ
,̼ ,̰÷  ϴ٤Ф
,̼ ,awful bag ̻۰ Ƹ
,̼ , Ƽ ð    ǰ ؼ Ҿ~
,̼ ,̰ ÷    Ծ 
,̼ ,Ÿ ִ  Դϴ^~^
,̼ ,"ÿ 4,000 ᰡ Ǽ  ƽ׿,
׸ cj ϴ   𸣰 ϹݿŸ ϰ µ  ߸ ϰ  κп ؼ ſ ģϰ ֽð, ʹ  ϰ  Ͻô󱸿,,
̺κ  ޳׷,,"
,̼ ,åؿ ̰÷
,̼ , ѽð 3õ Դϴ
,̼ ,̰ ÷  ȯ ǰ ռ ߽ϴ.
,̼ ,̰ݷ ؿ.
,̼ , 11ÿ µ  3ð ǩ  ۸ 缭 Ծ..
,̼ ,溹  Ⱑ  ؼ  ̿ؿ
,̼ ,ǰ ~~~!!
,̼ ,"   µ ǿܷ  Ұ,  ۰   ̶̿ ۰ ߰! ǳ  ̴  Ǵ ǰ̿ õմϴ."
,̼ ,  ѵ
,̼ ,̰ ÷ ٰ ټ 5ð  ̶ ߾.  
,̼ ,̻ ǰ ƿ
,̼ ,¥   ̼̿!! õõ
,̼ , ƿ.. 
,̼ , ôµ  ⼭ ߰ߤ
,̼ ,ѽð 3õ̰  ̻ ϸ 1ð  Ǿ~
,̼ ,Ǹ  ƿ.
,̼ , ٸ 
,̼ ,̿߾  ƿ
,̼ ,̰÷  ʹ 
,̼ ,"  4ð  9,500 ׿."
,̼ ,׻ ִ հ ߺ־
,̼ , ֽϴ!  ִ   ϴ ̿.
,̼ ,ϱؿ~
,̼ ,̰÷ 嵮 ٳԾ. ٴ ׷  ǰ ־ ſϴ.
,̼ , ƿ
,̼ ,ڸ ģϰ ȳּż ߽ϴ.
,̼ , ̰ ÷ ߳׿.  ֳ׿.
,̼ ,"̼  ǰ , Ʊڱ ǰ ϱ ƿ."
,̼ , ߵ־ ƿ
,̼ ,ûʹ    ̿ ƿ
,̼ ,  Ŀ ־
,̼ ,ȸ ǰ ~
,̼ , :ð ѽð
,̼ , . ο    θ  ϰ . :)
,̼ ,̰ ú 鸰  մ ǰ ׿.
,̼ ,׳ ڼ پִµ ׸鿡 ִ  ݹ ...
,̼ , о~~~
,̼ , ǰ մϴ.
,̼ ,ȸ Ʈ ְ!
,̼ ,̰ ÷   ׳ ߾.
,̼ ,   ʾƼ ݹ ϴ
,̼ ,̰÷ Ծ!
,̼ ,ǰ ƿ
,̼ ,       ֽϴ.
,̼ , ϰ ƿ
,̼ ,̰÷  ýϴ.
,̼ ,ûʹ ϱ ƿ
,̼ , پ ʾƿ
,̼ ,ȸ  Ҿ!
,̼ ,ø    ߽ϴ!
,̼ ,佴Ÿ̾  ϴ١̰   1ð̿
,̼ ,ƿ  ִ 2
,̼ ,ϰ ̼  ϱ ƿ
,̼ , ǰ Ƽ ϴ
,̼ ,׻ ģϼż ؿ.
,̼ ,׸  Ҿ 
,̼ , 䤾
,̼ ,۵  γ׿
,̼ ,  Ծ
,̼ ,ƿ ̰ ÷
,̼ , ʹ ƿ
,̼ , Ȱϱƿ
,̼ ,ƿ ƿ 
,̼ ,̰ ÷ . ʹ Ҿ
,̼ ,û 
,̼ ,ϱ մϴ.
,빮  ö,"ݿϿ ִ  Ϸ µ ⿡ ϱ 󱸿
ü ϰ  Ƽ ε ϰ  ϱ⵵ ҽϴ"
,빮  ö," _._
 ̿ ߽ϴ 
ư ð  ߽ϴ. å  ߽ϴ.
ûƿ"
,빮  ö,ddp ϸ鼭 ￡    . ο ְ ޴  ǰ ũ ̸ .  ϸ ſ ð̾.
,빮  ö,"ȸ ٳԾ :) 
DDP ȿ ó µ ǹ  嵵 а ϱ ؿ. 
DDP ȿ ִ   ǰ Ƽ Ҿ"
,빮  ö,մ !  õ鵵  ϱƿ :)
,빮  ö,Ʊڱϰ ̻ۼǰ ƿ~
,빮  ö, ǰ ׿
,빮  ö,Ʈϱ⵵ ߽űϳ׿
,빮  ö,ڸ ڹ !
,빮  ö,̳ õ ְ ִ ǵ鵵 ȾƼ ٴ
,빮  ö,ȸ ƿ.
,빮  ö,Beautiful
,빮  ö,־Դϴ. 2  ؼ 10и Խϴ.  ʹ Ƽ ¦ ϰ ִ ̰ ƴϴ ; Խϴ. ־Դϴ.
,빮  ö,ģϰ ȳּ̾
,빮  ö,DDP  D   ô پؼ  !!! ε 밡 ˴ϴ
,빮  ö,е    ģմϴ ^^
,빮  ö,ģϰ ־ϴ.
,빮  ö,ʹ Ҿ.
,빮  ö,ƿ ??  
,빮  ö,"ȳֽô е ģϽð, ȸμ   ִ ÿ ؼ  ľ  ־:)"
,빮  ö,  鿡   û Ͽ ģ Բ Խϴ. Ѻ  ϴ ģ Բ 湮ؼ ̷   հ  þ! Ѻ ο  Ӹ ƴ϶  ̳ʴԵ 귣带 ˰  ð̾ϴ.
,빮  ö,԰ ÿ Բ Ͽ  ҿ ü鿡   ʹ ؿ.
,빮  ö,"ð ϰ   ÿ. ð  鸮 Ҹ  ϰ ִ󱸿.  ̺ ִ ťڵ带 ĵϸ   Ǵµ  Ʈ ǰ  ༭ 鼭 ø ϴµ  Ǿ ҽϴ. ǰ ,  þƺ,  üϸ鼭  ö  ҽϴ.      湮ϰ ͳ׿."
,빮  ö,ʹ ģϽð Ҿ
,빮  ö,̳ʵ  ȭϴ м 迡 Ϸ ϸ鼭 ׵  Ѹ  ʴ    ̾. ̷ ģ м  ǥ   ̳ʵ °    .
,빮  ö,    ִ ұԸ ȸϴ. ťڵ忡 ť ־   ڼ    ־ϴ.   ģȯ ̿׸  ð ٽ  ߵ鿡   ٰ  ֱ⸦ ٶϴ!
,빮  ö, ȸ ǻ ٷ  տ   ־ ű߽ϴ. ͷ ̴   帴ؼ ƽϴ٤. ׷ ٷ ̼  ϴ ˽Ÿ ̰ Ѻ ǻ   ־ Ҿ
,빮  ö, Ÿ  پ Ÿ Ѻ   ־ϴ. Ѻ   ʿ    ÿϴ.
,빮  ö,"ð  Բ ִ  ü ϴ 
Ѻ鵵  Ƹ ֱ ջϰ մϴ???"
,빮  ö, Ծ Ѻ ̰ Ծ     湮߾.  ܿ ٸ ̵   Ծ  õǾִٴ ű߾
,빮  ö, ȸ  پ 񽺸   ִٴ  ҽϴ! :)
,빮  ö,"  ְŻȰ ȯ濡 طο ƴұ ϴ 찡 Ҿ 
̹ ø  ׷ ε Ȱ  ְ     Ǿ ҽϴ! ⵵ ȥڰ Ҿ :)"
,빮  ö,"پ 밡 ־ŭ,     Ұ, Ѻ ű پϰ    Ȯ  ־ϴ."
,빮  ö,4 ̿µ..4ÿ 濪ϽŴٰ3 50п Ĵٴ  10и ϰ Խϴ٤Ѻ ʹ ̻.ǻȰ ƴ ǻ ̷ ̵ ԰  ھ.
,빮  ö," ǰ  Ҿ ̵ Ծ   Ѻ õǾ ־
츮  ̷Գ   źϸ ߰ ø ִ е 輭  ְ   ־
Ȱ ӿ  ģϰ ٰ 츮  ڶ"
,빮  ö,⸸ ϴ  ƴ϶   ɾƺ ü  ִ ÿ Ҿ    ߽ϴ
,빮  ö,Ѻ ϴ е ~ ѹ ~(^-^)
,빮  ö,   ǰ   ִٴ Ϳ 븸߽ϴ.   ýϴ.
,빮  ö,"ϰ ̺ϰ   ⿩ Ҿ. ǰ ź 浵 ǹְ, ʹ  ſ."
,빮  ö,"ŷ Ӹ   ٸ ھ.
  ǰ̶ ѹ   ְ ش ǰ     Ʈ ִ ƴ     ְ ߾  ׿."
,빮  ö,ϰ ο ÿ Ѻ  ̻ڰ ξ Ѻ  Ǽ ⻼ ұԸ  մϴ
,빮  ö,"  ϰ Ǵ ÿϴ!  ϰ, ǰ   ִٴ   ҽϴ. Ը ۾Ƽ    ְ, ̰ ߽ϴ."
,빮  ö," ۰, ̱⼷ ̳   ̾߱Ⱑ ʹ  ð ª ϴ.
Ǵٽ ̷ ȸ   ڽϴ.~
 ð ּż մϴ."
,빮  ö,ʹ հ ǹִ ð̾ϴ
,빮  ö,ʹ ִ ð̾ ϰ    ̾߱⸦ ϴ. ׸å ε嵵 ־. ! Ҿ å     ҽϴ.
,빮  ö,  ޽ 
,｣,   Ҿ~ ָ̿µ  ʾƼ Ҿ^_^
,｣," ó ôµ   ٸҴ󱸿 ø   ǰ  ƺϴ٤ ô        ,,^^     Ҿ!  ö󰡴    ٰ ݾƾ   Ʈ"
,｣,"Ҳ  , ī䵵 ƿ:)"
,｣,"·,  ϰ ־.
 ÷ ȸؼ   ־.  2ð . ϰǹ Ĵ̿ 2ð   4ð   ٳ"
,｣,پ  .  . äο  λ.
,｣, ¦̴ 20밡 ׸  ?? ｣ ̻° ̹ ÷ ˾Ҿ??
,｣,5 ̶      ־ Ҿ ǰ پϰ  Ưؼ ð վ! ȭ       ƽ ֳ׿
,｣," ϴ   . 18,000   ⿡ ణ ϳ  . < Ժθ&θ> ڼϰ ҰԷ"
,｣,ǰ ϰ ! ѹ ٳø
,｣,"·, Ծ   ô ƴϾ Ҿ:)"
,｣,   ູ߾䢾?
,｣,"·,  ȸ ƿ ??"
,｣,ô  1г   . ȭ ߾ﵵ     Ҿ   ڳ   ׷ϰ
,｣, Ѱ  ֵ  
,｣,"  , Ư     ־ Ҿ :)"
,｣,ǰ  ڳ׿
,｣,   Դϴ.
,｣,  Ұ ƼĿ  ߾
,｣,"      ְ, ٸ Ϳ ǰ ƿ. ģؿ."
,｣," ""· "" . Ʈ õؿ. ϴ   ӿ ִ   ־"
,｣,"ȸ ʹ Ұ,  ĥ    ߽ϴ~"
,｣,ƿ ƿ ƿ ƿ ƿ
,｣, پϰ Ÿ Ƽ ƿ~~
,｣,Ʈ 2 ſϷ!
,｣,· ô ſϴ.   پ  ƴ϶ ƽ.
,｣," üε  ƶ  Ҿ
̸  Ȱ뵵   ߳׿
Ŀư̳ ġ Ȱؼ    -
· ,  ýϴ??"
,｣,óʹҰ ϰ ˾ Ѱ͵鵵 ؿ!
,｣, ̻۰ ƿ~!
,｣,"·    Ƚϴ

    ÿ õ  30 Ǵ󱸿   پ ڽϴ"
,｣,Good place to visit and killing time.
,｣,·   Ƽ  
,｣, ú  ߾ ű  ž  ƿ
,｣, ʹ  úþ!
,｣,ģ ̵  ϰ  ǰ  ʹ ƿ!
,｣, ~
,｣,ó ο ȸ 
,｣,Ʊڱ ۰ ƿ
,｣,ϰ ģؿ^^
,｣,ǰ پؿ
,｣,ȸ ʹ  ƿ ~~
,｣,ĳ ÿ ~
,｣,ſ ̿ϴ
,｣,õ پϰ ϰ   ־ ƿ
,｣, Ծ ȸ
,｣, ϱ ƿ
,｣,ű԰  ſ!
,｣,մ :)
,｣,ϰ ѷ ƿ!
,ｺī,"е鵵ģϰ ó ԵŸ ǰ;~
¥  Ʈڽε ??
Ľ ̽ũִµ  ũ ģ ε
 .. ũ׿䤾( ܰŸ ʾƼ)
ڴ û޾ƿ~~(޴Ѱ Ͻôºе !!!)??
Ŵ  ڷ Űϴ󱸿~
ڰ ̻ ~
ԵŸ ȸմϴ!!"
,ｺī," ߾  ϴ !! Ÿ̹ Ƽ    ־, ̽ũ ʹ ־.  Ϻ߽ϴ.  Կ  ᱹ  ߾  ڰ ʹ Ϳ !  ǱԾ ִµ,  ϽǶ  ϼ !!"
,ｺī,"߰溸 ٽÿ ͽϴ.
 Ƽ     ־
νð  ְ 
ֺ ȣ åϱ ʹ ҽϴ"
,ｺī,     ƿ! ƺ ٳԴµ ª ̰ ٳ Ҿ
,ｺī,  ǳ  ƿ ~~~  ο   ־ Ҿ
,ｺī, ʹ Ƽ ָ ߺ  ̴ ǳ       Ƽ  ٷȴ ߰浵 ° õؿ!
,ｺī,   Ƹ  ۰ 뵵 ũ ~~ ƴϾ  ʾҽϴ^^δ  ϴ
,ｺī,ʹ ڳ׿~  Ļ絵  Ұ ;߰ھ
,ｺī, ͼ ٳԴµ ¥  ¯̿  ؼ   ׿ ƮϷ ⵵ Ű~~
,ｺī,"̶  ߾  Ծ~
ġ ̱ⱸ Ÿ  ͸
ٷȳ׿䤾 ̹  ι޾Ƽ 湮ϴ
ϰ   ϴ^^ ϴ  ٸ󱸿~~"
,ｺī,ո  Ÿ Ÿ ſϴ.  ѱ ִ   Դϴ
,ｺī,Ƹ Ŀ īŸ ߾~  𸣸 1 ã° ϰ 4ð Ҽִ°Űƿ~ ߰ Ҵµ ̼ ¦ ƽ ʹ ſϴ
,ｺī,뿡 ٶ󺸴 ǳ ʹ ̻ڰ ׶󽺿   ƿ ÿϰ  Ƽ ʹ Ҽ ̿   ̿ !
,ｺī,"θ԰ Բ 湮߾.  ħ̾   ~ ｺī̿   䰡   Ǿ^^
 ̾ϴ^^  λ꿡     ׿^^"
,ｺī,"Ͽ ݳ ð   ãٰ ԵǾ
Ƹ򺸴 밡  ׿
   ߾
ΰ µ 3~4ð̸ ϳ׿"
,ｺī,"ｺī, ǾƸ   2 Բ  ݿ  ٳ Խϴ. մϴ"
,ｺī,10 ƵԵ   ;ؼ ѹ þ. ѹ~ ٳøؿ.׸ Կִ° 4 µ    ͼ ڵ ~^^  ü ׿. ¡  ｺī~ѹ 湮 ~^^
,ｺī, ڰ 䵵  ־.  .
,ｺī,߰ ʹ      ʹ Ƽ  ĥ  ߳׿ФФ     ð    ƿ ƮϿ콺 ִ°  㸶  ߰  ҽϴ! ȭ ʹ ̻
,ｺī,ؿ. ſ ð̾ϴ.
,ｺī,Ƹ ;     ʹ Ұ  ܿ  ־!!  ｺī µ ..  ¥   ڸ  ߰溸 ¦  ʹ Ƹ ̻ ̿    ָ  ̴µ ߾ ϰ Ű  Űƿ
,ｺī," ڷγ   ٳԾ^^
̰ ʹ ;ߴµ 3⸸ ٽ Գ׿~
̶ָ  ʹ  ſ ð  Խϴ^^"
,ｺī," ߰ þ~   ߰~
ͼ ȣ   濡 Ÿ  ̸  ǹ ѹ ÷ٺ    "
,ｺī,ｺī̺ θϸ     ʹ Ƽ 䰡 ϴ Ф  ȸǸ ߰浵   ;:)
,ｺī,ö 2ȣ ǿ ٷ Ǿ ټ ûƿ ׸ 䵵  ⵵ ϴ
,ｺī," Ѵ   ־  Ҿ ̵鵵 ű ߴµ
   ϸ ϱ⿣ 
 Ƽ ƽϴ"
,ｺī,θ ű ٳԾ ѳ ϼż   ҳ׿
,ｺī,"̵ Բ ̳   ߾ ׾ҳ׿. Ÿ   ϰ ݵ  ޾ ߳׿.  Ƹ, ɽĻ,   ī Ѱ ذϰ  Ϸ翴.^^"
,ｺī, Ƽ ٸ  Ÿ 1оȿ ö󰡼 ٶ󺸴     մϴ~׷ٰ  ̾Ƽ ʾҾ~~׷ſ ϸ ״   ոΰ  ʾƿ~
,ｺī,    ܿ ö ٷߴµ ѽð̻ ɸ° ƴ ٸ° Ⱦϴ       춧 ȳ ϴ    Ŀ ٷΰϴµ ȳ  ٿ   Ǹ  ׻ ˾Ҵ ݿ  񽺰 ʹ ϴ      ϴ  ٸ° Ⱦϴ»̾  ׷  𸣰ڴ
,ｺī,"  ִ ̶  ȳ ѽð ޾ װź  . ߰ 浢  ð ־ ϸ鼭 ٸ ҽϴ.
̹  ťڵ  ٷ  ߰, ᰡ    %θ Ǽ   ϴ°  ƽϴ.
 ϱ Ұ  ٽ  ;"
,ｺī,  ϸ ׸ ߰   ؼ  6ùݿ 湮  ָ̿ ׷  40      ̶ ׷ ϴ   ϸ ׸ ߰  ߽ϴ. õõ Ͻ е    湮ϼż Ӱ Ͻô  õ帳ϴ.
,ｺī,â ¦ Ѱ ƽ 2ð հ  ѷ ƿ!  ̶ ߰  ׿~
,ｺī,׳  þ . ο ʽ ĿǶ ĳ ĿǼ  Ŀ ǰ ־ Ҿ
,ｺī,ó  ٺ鼭  ÿÿ ð̾ϴ
,ｺī,ι° 湮ε   ʹ  ϴ ؼ ְ  
,ｺī,  ̱ ÿϰ  並  ǰԵ ð ׿
,ｺī," ͼ  ƽ,  ׳׿^^"
,ｺī,1 120 밡  γ? ߴµ ̺Ʈ  ͵ ϴ ̾Ʊ ʾҾ  ߰  ܰ ϴ
,ｺī,Ƽ ͳݿ ؼ ʹ óϰ ߽ϴ~䰡 ʹ ڴ 㿡 ѹ    ߰   ͽϴ ȸ Ǹ   ̴ϴ  ʹ ູ߽??????
,ｺī,"츮   ϴ 湮ߴ. 4ð  ɷȰ, ־:)"
,ｺī,    ׿ 䰡 ̻
,ｺī," Ƹ Ű,
ݵ Ұ! 
 ; 뿴µ. Ҵ ŭ   ոµ 信, ϰ Ծ!"
,ｺī,2  ͺ 湮ε ö Ա ٲ   󺸴 ͵ ׿. ޶   Ƽ  .  ̽ũ 嵵 ̾׿Ф
,ｺī,ѹ   Դϴ  ð ¾ ~
,ｺī," ϰ 
ֺ  
  °ų ص ƽװ~ 
Դϴ
 Ѱ  ״   պµ"
,ｺī,ģ ｺī 浵 ϰ 123  Ƽ ð ſ Ϸ翴.  ߰ ֹ  Ҿ
,ｺī,"ü ϰ   Ǿ ֽϴ-
Ƹ  ü 6ñ,  ü 8ñ~"
,ｺī,   ̶   ð ¾- 2α ־    ް ׿
,ｺī,̱  ߰溸⿡ ⸸Ѱ ׿ Դϴ
,ｺī,  Ұ !
,ｺī,θ ð   ī䵵 2־ ǳ溸⵵ ҽϴ. ۿ  ǳ溼ִ° ־ 湮ϱ ϴ. ߰ ϴ.
,ｺī, ｺī ٳԳ׿! ߾   ߽ϴ!!
,ｺī,  Ʊ󱸿. ܱε  ¥     ;.  ޾ҽϴ!!    Ŀǵ Ҿ
,ｺī,Ÿ ƿ
,ｺī, ʹ Ƽ ҳ׿:-)
,ｺī," ߴ٤ ̼³ ø ʹƿ
̶ ƴ° ãƺ ̵ְ
̽ũ ְƿ
ȣå"
,ｺī, ϴ ʹ Ƽ  ｺī̷ ߽ϴ. ŹƮ    տ   ٹʴϴ. ̵ Ʈ  Ÿ ǳ Դϴ.
,ｺī,  
,ｺī,4° 湮Դϴ.    ޶
,ｺī, ¡̵Ǿȴ~!!
,ｺī," ð ٿԴµ,  ֳ׿. Ÿ  Ŵ ߴµ,       Ǿ մϴ."
,ｺī,Ÿ   㿡    ܰ ƿ  ߰ϵ!!
,ｺī,ô ѹ ģ ѹ...^^; ι° 湮ε  ó Ѵ   Ҿ~~~ ô   پϰ ־ ڴ ߳׿~~
,ｺī, ٺ   ߰ 
,ｺī,Ƴ  ð ҽϴ.   ͳ׿~^^
,ｺī,Ϳ! ׿   ߾Ʒ 
,ｺī,"ſ Ƹٿ, ٸ ܿ 20̾.
ȸǷ.

-  : ｺī Ƽ ϰ ž± ο ָ ε˴ϴ."
,ｺī," Ÿ ð  ɷȴµ, ߰ ֳ׿."
,ｺī," µ,  Ÿ ƿ ~! ^_^??"
,ｺī,  Ʒ Ѱ ְ ̳׿~^^  ߾  Ծ~~
,ｺī,ϴ ö󰡸 Ź Ʈ 䰡 ؿ. ׷    ʹ ؿ. Ƿΰ ȮǾֱ Ѱ ϴ Ǳ.. ǥ   ׳ ũ.   û .. ָ ׳ ѽð ټ Ѵٰ ϰ ø   ϴ.
,ｺī, ;   ؼ  󺸰ǲ~ . 󺼶 ޴   ! 󳡳  !  ٸ  !   ȸ. ̱ۺô е  
,ｺī,̷ ÷ ôµ ʹ ƿ????
,ｺī,ó 湮Ͽµ. ū ̿ϴ.  ˰ ִ  ƴϿϴ. ݵ ո ݴ뿡 ٳͼ ⻼
,ｺī,"   ʰ
̼ ðŸ  ְ
ѹ湮غմϴ.
߰浵ͳ׿"
,ｺī,   ð ʹ   ƽ ſ
,ｺī,"츮󿡼
   湮!
մϴ. ?????
 ߾ .
 !!!
ٸ Ĵ"
,ｺī,߰ ʹ ! п ູ ð ½ϴ
,ｺī,  ⿡ ٺ  û ƿ~
,ｺī," Ӵ, ƺ ̶ 𿩼  ԰  湮߾. Ƽ̿       ׿.  ̾߱Ÿ ~ڷγ  ٴϴٰ    ǳ溸  Ҿ. ߰浵 Ǵµ     ƽ.  ߰ ͳ׿."
,ｺī,"䰡 , ٸ    Ұ, θԵ ϼ̾"
,ｺī,ٸ Ĵ  ־
,ｺī,ϸ    ٸ ߰ ־ ߿ ũ  
,ｺī,"θ̶ µ, ѹ մϴ!  ʹ  Ծ^^  1 ǥ Ա   ʾҴµ Ա ϰ   ž±  40 ٷȴ  ƿ. ǥ Ա ʿ ҿð ǥָ ̸ ð ϰ ٸ    ƿ. Ա   µ  ܺο  ̴   ٸ  ʹ  θ ð  忡  ƽϴ~"
,ｺī,̳ ̳ؼ Դµ ° ູ ߾ ׾Ҿ
,ｺī,ϱ Ұ õ    ־ մϴ.
,ｺī,  ־   ٰ ȭ ϰ ó ȣ å ϰ ƿ!
,ｺī,"  Ķ ϴ  , ָ ̴  ׿. ̵ ó 湮 seoul sky  ׿.  ʹ ~~"
,ｺī,ð  ѽð  ɷȰ ѹ  ȸ  մϴ~ 5г ̰ ߰ ߾ ׿^^
,ｺī,¸ ߰ ʹ ~~  δ㽺 ѹ  Դϴ ̵ ʹ ߾~~
,ｺī,湮  ߰  㿡°͵  
,ｺī,츮 ǹ    ʹʹ   ̼  ذ ¯¯Ҷ ž   Դϴ.  µ  ѹ ͺô° õ帳ϴ. ī䵵 ְ    е鵵 ģϰ ȳ  ֽʴϴ. (   ̼ Ƽ ָ  Ⱥ̴°̴ϴ)
,ｺī, ϰ ϴ ϼ
,ｺī, 湮ϰ ͳ׿
,ｺī,"  µ 並 ٶ󺸴   ÿ.

  ̾ϴ."
,ｺī,񰡱ġ  û ó ־  Ҿ. ʹ 
,ｺī, Ƽ   ָ ־ Ұ ߿   ־  ҽϴ
,ｺī, Ƽ ó    ̾^^
,,34 Ʊ Բ ٳԽϴ^^   ð̾^^   ^^
,, ׳ .  ̻۰͵   ñ
,, Ѻǿ ȣϰ   ־ Ҿ.
,, ǹ湮ϰ;
,,  .
,,ƿ åϱ
,,ϰ ƿ
,,翡     ȸ Ȱ ϴ.
,,ÿ ° ׻ ׿
,,    ߾
,, Ŀƿ
,,ȱ ϱ ƿ
,, ־
,, ƿ~~^^
,, ȿ ڹ ̼ ֿ ҽϴ  ڰ  Ϳ
,,ձ ƿ
,,߰  ƿ
,, ûå
,,ɼ  ñ   ҽϴ
,, κ ־ ϰ ϴ٢
,,  ϰ ſ ƿ
,, åϱ⿡ ϴ
,,õ ູ Ƹٿ  Դϴ
,,״  ٵ 
,,"Գ  .
ɼӿ ۴û õ 
 ־ ƿ!
õƮ õ^^"
,, 븦   ִ . Ŀ ϴ  츮 Ŀ  Ȳ Ŀ   !!
,,  ٸ ñȺ  ÿ    ġ ޴ϴ ^^
,, Ҿ ̼õ ÿϰ ǰ׿
,,߰ ƿ!!!
,,񰡿ͼ   Ҿ?????
,, ͵ ƿ??
,,߰ ʹ ƿФгʹ
,,  ״ ÿϳ׿. ɸ԰ åϱ ƿ.
,,ῡ    ٸ  ֳ׿
,,ȭ  
,,ϰ ð  ִ°
,,ῡ ٰ   Ǿ̤ ʹ Ҿ.
,  ,"..ɵ ... ...
̵ ̱ⱸ Ÿ ų.^^
ɶ µ  ¥ Ҿ.
  ð  Ÿ Գ׿.
ϱ Ŀ   ì ߾."
,  ,"2ֵ 3   ư  Ѵϴ ؼ ؼ е 䤻
̿ 23Ʊ ̰ͳ̱ⱸ 20 䤻  ְ ͵ 
̴ մϴ "
,  ,"ڳ ٳ ƿ~ָ   ƽ ̵ ʹ ſѴϴ^^ 
 ̹ б AI  ̿߾~ϼ~ 񺸴ٴ  ð  ٰ ϰ  ϴ  AIͿ ϰ  ǹ ÷ 15,000̻ ϸ 2ð  (6,000 )شϴ~ħ īī 漱  ־ ϰ αǹ޾Ҿƿ  1ִ  20,000̶ ϳ׿~  18,000 ͼ 6õι޾ 12,000 ¾~ ϼ~5   ..ƺе ȭ!"
,  ,漱̶ ׷  ׸ġʾƼ ̿  ߳׿. ׷ ŻѰ 8ۿ  ̰ɷ մϴ ⼺ƿ..
,  ,"¶    ȯ Űũ Ǹ ھ. ¶ ε  忡 Űũ ߱ǵǾ  š ǹ̰   ƿ. 

Űũ ߱Ǹ ǿ. ǥҿ 3, ׸ ʵ ־   . 

¶   ȯϴ  û . 30    ȯ߳׿. 

   ʵг  Ϸ ų ⿡  ƿ.  忡  ڸ ϳ ΰ  Ƽ    θ ؿ. Ϸ  ״  κ  ̴ ϼ."
,  ,"6    ϿϿ ٳԾ
 ̵ پ־  ̰    ؿ
ٵ  Ƽ ׷  ̾
 3 µ  Ĺ ǹ  
׸ 氡   Ҵµ    ־ ϼ
  ̿߳׿
ѷڽʹ 1ð ߾
̰  ̵ ߾
 5 ̺5 µ   3 絵 ɵ
⶧ ̵ 5  ̾
ػ, ǳ, , ̽ũ ܶ ִ ųϳ׿뤾
ٵ ̵곻 ǪƮ  ۰  ǰ̴󱸿 
ư հ  ϴ!"
,  ,ﵵɿ ̴ Դϴ
,  , ̵ Բ ̿  ־ ƿ
,  ,"̳  ħ 10 
° 湮̶ Ÿ  ̱ⱸ  2ð   ҳ׿
5  Ÿ  濡 м ͼ ϰ ϴ
 ǳͼ δ뵵  Ҿ"
,  ,̵  ƿ     Ÿ Գ׿   õ Ѥ
,  ," ոԴϴ ʵ  ƿ
ٸ ״ ʹ  ڰ  ȣڵ ̵. ī е ũ  ð ϴ ̵ֽð  ģϼż Ҿ. ڵκ~~^^"
,  ,"ʵ5г ֵ 4  ɶ ö Ÿ ٳԾ ̶ָ   ֵ   ̰ ҳ׿
ó   ڸ   ̰  ȥ ī信 ɾ ־"
,  ,"100cm Ѵ , ȣڶԲ  Ż ƿ! 5  ڶŭ ̰ ʹ ؼ ߰ؼ ׿.. 
̶ ٸ ٷιٷ ϴ??
ٸ ǪƮ ݴ  ʹ 
̾  ׷ġ.. غ³ Ҹǰ.
 ݿ̸ ׷ ָε.. ??"
,  ,"ٶҾ ذ   Ҿ.
԰Ÿ Ĵµ պ..   ̰ ϴ.
 ֿϴ ̴Դϴ."
,  ,"3. Ƶ Բ µ й̸ڽ, ŷ, Ÿ վϴ. · ϴ  õؿ䣡"
,  ,õ ߸µ  Ҿ 
,  ,̿  ƿ~ ̶  ȼ Ҿ
,  ,ų 볪 ķƮ  
,  ,湮ϰͰ  ̵ Ϸ ߳Ծ.  ũʰ  ̵   ã ־ ָ ϴ.  ٲ͵ ־ ̶ ٸ κе־ ̿  ϱ⿡ ҽϴ.
,  ,"  ,  ̰  "
,  ,ָ  ﰡ ⼼
,  ,"̰ ̱ⱸ   Ÿ  ƽ
Big5  ҵؿ
 ϰ Ĺ Ĵ簬µ    ̤ ö̵ ͼ о Ĵ̿  ߾"
,  ,"  ߴµ پ̵ ߾
ϰ  ƿ.  ̵鳢 ½ð  ϴ ʹ Ұ ڸ 
 ־ ʹ ҳ׿"
,  ," ϰ Ǫ    ϰ !   ٶ, ȸ׳  µ..    ̵  ְ Ǿ׿..**, ***ʹ Ǵٸ ο ܿ  ƿ. ư ִ  ^^"
,  ," ־   𰥱 
õ ̴  Ǿϴ
ʹ ̵ ؼ  ϴ
̱ⱸ  ͵ Ϸ簡 ϴ󱸿
̵  Դϴ"
,  ,"ߵ̶ ģ θ ⵵ δ  Ұ, ͳݿ ǥ⵵ ؼ ׿
̱ⱸ ٸ ð ̵ð  ǰ
 Ĺ ̴ ̳׿"
,  ,̸ؼ  ΰ԰ ƿ~ ٸƼ ׷ ̸׿&
,  ,"ö   ʹ ̻ڰ Ϳ.
5ϰ  1ð ؼ ̱ⱸ5  ŸԾ. ʹ Ƽ   Ծ,߿ ̿ ؾ߰ھ."
,  ,10ÿ ̵ ϴ 30 ϼ~
,  ,"6 5  ¿  ϴ ̴ ̿   ñ
̱ⱸŸ  ſ   ؾؿ"
,  ,7̰ ŷ Ÿ ʹմٰϳ׿  ̺ ƿ ָ̾ ½ð ѻؼ Ҿ
,  ,     Ż  ־  Ʊ ʳ׿.  ̴ Ĺ Ͻ ϴ.
,  ,ð Ǿ׿ ̵鵵 ߽ϴ
,  ,ڸ  Ѱϴ ̳ ٿԳ׿.Ͽٳ° õմϴ.
,  ,̾ ð    
,  ,"ٻ ȸҾ
̱ⱸ Ÿ м뵵 ǰ ߽̿ϴ ׷ ŷ  ¥ Ѥ
 Ҹ鼭 ¥..ģٽʿҵ;"
,  ,ư  ̱ⱸ ̰ ؼ  µ  ϴ µ ...Ÿϴ.  ¸ ǥ ׷  ϱ  Ƽ...㸮 ° Ͽư̰    ġ ó׿
,  ,2~6 ģ    ̰Դϴ. ȣڴ ݿ ܿ ڸ ø ̵  ִ  ̰ ̵鵵 ٰ ġ    Ҿ   ϴ. Ľμ ǳ ƿ.
,  ,Ѱ ̿   ǿԴϴ. ȭ °  ƽ Ф 񴩴 ڵ Ǹ ڽϴ. ̵ ⿡ ʹ ƿ!
,  ,  ̵ ʹ ſ߾^^
,  ,俬޶  Ҿ  ̵ ʹ ߾~~
,  ,ָ   ̸ ̱ⱸ Ÿ鼭  ƿ~޶  û  ̵      ̿...   ȱ Ҷ  ȥ ٳü ִ δ  ׿.
,  ,  ̵ ƿ 75̵ ־ߴµ ٰϳ׿ ̱ⱸ ʹ ҽϴ~!!
,  ,Ű 100   ȥ Ż ־ ƿ ȣڶ  Ÿ°͵ ־ Ҿ
,  ,"ġ ʵл Ż ̱ⱸ ƿ
 , ̿ǵ ݴ Ż ƿ.
̵ ſ߾
     Ϳ
  ׿"
,  ,Ŀ    ߽ϴ ̱ⱸ µ ΰ  ϳ׿
,  ,"ķ 4 ˲ äּ ð ʹ ɷ 
׷ ٸ ̱ⱸ ð ټ ªƼ ƿ ׷  ?  "
,  ,  ̴~~ ֵ鵵   Ÿ淡  ôµ ϴ󱸿     ư ̰ ſϴ 鳢   ε鳢 Ʈ ڽε  ƿ
,  ,  Ÿ°͵  ־..
,  ,̵̶   ƿ. ݵ ո̰ Ͽ   ׿
,  ,"Ʈ ϰ ϰ  ̵ ̳ ߳ Խϴ^^
̵鵵 ̱ⱸ  Ǵٰ Ÿ׿^^
   Ͽϴ~մϴ"
,  ,̿ µ Ŀ  3ۿ Ž   ̶ָ   Ưⱸ   ȰԴٸ 뷡 ȳ ߰ ⱸ Ѵٰ ջ 3Ÿ ۳⿣ 򷯽 ̽ũ ȾҴµ  Ư ǪƮ   ݸ μ  ΰų ԰  Դ° õ
,  , ̱ⱸ  . ȵǴµ . Ƽ ٸ Żִ° 󸶾ȵǿ..    ھ
,  ,ֵ ̿ ϸ ׿. ̿ ޾Ƽ ° õؿ
,  ,ָ ̿ ٳԴµ ! ̰   ִ ̱ⱸ   ʾƵ Ǽ  볪  ° ƿ.   ; ̿~
,  ,̵鳢 ̱ⱸ Ÿ⿡ ϰ ƿ
,  ,ü ѱ  ־ ̵̶ ٴϱ⿣  ϴ ̱ⱸ Ż͵ ѵ մϴ ü κ üǾ ణ ƽ
,  ,  ٲ ̶  ̱ⱸ Ÿ ƿ
,  , ῡ  Ҵµ... ̹ ̵ ð 10ñ Ǿִµ..̰  ½ð̿..̰ 6ÿ 󱸿..̷   ּž Ҳ ϴ. 6ÿ  ˾.. Ŀ Ȱ
,  ,"ǪƮ   ϰ ȸ ε  Ʊ  ϰ ٵ.
ݿ   Ƽ ϴ.
׿ ̳ ᵵ ʹ ٰ"
,  ,̶ֵ  Ҿ. ٵ Ͽ ʵ̻ ... ̳  Ⱦϴ ʵ  ϴ^^
,  ,̹   Ҿ.   ̿ϰڽϴ.
,  ,̱ⱸ  ʾ ̰ Ѱ  Ÿ鼭 Ҿ ⱸ    ̰ ⿣ ؿ
,  ,"˹ٻ ü ǿ Ф
 ̿ ƴϸ ̱ⱸ Ÿ Ʊ ..
ð ªƵ ʹ ªƼ  ٸ   ĸ 󱸿. ¥  ªҾ.
ٵ  ֵ ʹ ϴ󱸿."
,  ,Ͽ    ٿԳ׿ ̱ⱸ ķ̵  û D????????????ФФ
,  ,ʵг ϳ׿.
,  ,츮 Ƶ վٳ׿~~
,  ,   ķ ؼ ÿ ϰ Ҿ
,  ,   츮 Ÿ  ̱ⱸ Ҿ
,  ,Ź    ƿ
,  ,̶̰  Բ ߺþ
,  ,Ҿ ̿  ƿ 5 ߴµ  ߾
,  ,̷ а Ź Ʈ .  Ĺ ʹ Ҿ.   ̵  ;
,  ,114cm ̿ Բ Ż  ־ ~ ̰  ŷ Ÿ ߾
,  ,"̳ ̰ ģ ٱ⿡ ̸ ~~
׸ ӿ ±ϰ 5  Ÿ 
  Ĺ   Ƴ   4 ȱ"
,  ,ƿ ͵  Ÿ ƿ
,  ,ۿ ʹ  ־    ߰ھ
,  ,   ֳ׿
,  , ȣڷ  ģ  ̱ⱸ Ÿ ũ⵵ ϰ ݹ ֵ ã ־ Ƚ Ǿ.  ٸ ̰̿
,  ," , Ĺ Ĺ   ɰ ʿ .

ü ,   þ߿      ʿ ϴ.

 鿩  â ûҵ ʿ Դϴ.

и ҿ, 1ȸ ǰ ʹ ° ƽϴ."
,  ," 鼭 ó  ε
 ̵ ̳׿. Ը̰ 
ֺ  ̱ⱸ ׳ ̰ ġ  ׷    ؿ."
,  ,ƿ  ϰ ֽϴ
,  , ̰   ƿ
,  ,"޶ ̵  ģ.  ߸...Ͽ.
ħ  ǥҺ â̰ ǿ ǥҸ  ʸӷα  ְ̾ ι° °  Ծµ  ϴ»  ߰߰ » ġҷ Ѱžƴϰ 𸣰 ϰ ̰ΰ; ϴټ ι° ° ټ ó» ʸӷ  ְ;;;ǵ ̷ -_- 
ķҶ̵ ټ ~4ð ټ ȭ.
Ʈ  ѺƮ 2~3Ž...
ֵԴ ? 6õԤ   
̷ ޶ ̱ⱸ Ư ŷ ..¼  ٵ  پµ .. 400ڱ ֳפ ̷  ȵɰ.湮ǻ1"
,  ,  ̱ⱸŸ ҽϴ ׸ ʵг  մϴ ִ Ұ پ ڽϴ
,  ,Ÿ  ̿ Բϱ ʹ ׿
,  ,̶ָ   7ð γ ̱ⱸ 7 Ÿ Ծ. 5 Ѱ ƿ. ķ̵ ø ʾ ƽ   Ÿ ƿԾ.    Ѱ Դϴ.  .   3 γ ٴڳ䤾 ƿ 濡 ÿ Ǻм  ༭ ʹ   ð 5ñ  ƽٳ׿䤾 ڸ    ° ȭ   ġǾ־ Ҿ.
,  ,ķ̵  Ÿ  õ帳ϴ.
,  ,󳪶 ̰  Ѱݿ  
,  ,̿ Ϸ  ﰡ~~̳ѱ~    ҽϴ
,  ,"ǥ   ֽ ϳ ߴµ ָӴϰ 2õ̶ ϼų ǼϽŰ 19000 ̾ ,, ͼ öŸ ˾Ƽ ٽ ư   ,,,"
,  ,̹ŷ  Τڸ ¥ ʹ ; ٵ ̱ⱸ    ׶   ʹ Դϴ٤̤ ׸   Ѹ û Ʈ ޴      Ҹ ׷    Ź  ҽϴ
,  ,ʵ г ٴϱ ƿ~ ׷ е ġ̴ ģ ʾƿ  ٿ Ф
,  ,̱ⱸ ų Ÿ Խϴ~~
,  ,г ɿ ̿~ Ű 125̸̻ ȣڰ ʾƵ Ǽ θ Ƽ    ؼ ƿ. ð ѹݺ Ż  ִ ŷ ̿. 1 ̵  ʹ ູ ؼ ѵ Ϸ翴. 湮ǻ 100%
,  ,̵ ſ ð ½ϴ
,  ,6̶ 湮ߴµ ʹ ſ߾
,  ,3 5 ̿  ؼ ƿ.  Ƶ Ż  ִ ̱ⱸ ƿ.
,  ,ݿ   ...Ŵϴ
,  ,̸ؼ ϰ ־ ұ ̱ⱸ  ŸԽϴ ʹ ִٰ ̵ ߽ϴ
,Ե, ð ؼ  ٺ ⱸ 3ۿ     ۷̵ ϰ ̴ ־~~
,Ե,ǳ ǿ ΰ Դٰ ϴϱ   ȳ   ԰Ÿ   ð ̷Ӱ   ־ϴ
,Ե,"̶ ְ Ҿ~~~

 ݿ   ־
ҽϴ~ 
, QR ĸİ ȵǴ
  ϴ 
Ͻô° 
 ° ϱⰡ ȴٰ
ϴ ...  ȵǼ ̹
̵  Էϰ ߾

^^ ͳݰ Ⱑ 
Ѱ ƿ. 

 ϰ ͳ׿~*^^*"
,Ե,Ľô  ʹ Ϳ롦 վ  µ ġϽÂ.. ° ٱ⿱ ̵꿡 Ա ..????????ġ   ְ ģϰ!!! Ư ٷξտ̶!!!
,Ե, ʹ Ƽ ģ  ̰  Ծ. н    ׷ ϰ  Ἥ  ⱸ  Ÿ ٰ Խϴ.   ٽ   𸣰      ģ 湮ϰ ͽϴ.
,Ե,"  湮ߴ   ߾
????   ź  Ե忡! 

ο Ĵ絵  پϰ Ҵµ, 
 ð   ڳ׿.     ð پ  ƽ. ̵鵵 ٸ.. ̶ ϳ׿^^;;
ǳ ũ ؾߵǴµ   ϰ Ʋּ ʹ ??"
,Ե,"ʳ⸸  Ե ФФФ
ʹģϽð ۷̵ ¯¯
н ÿ ؼ ϸ Ǵ´ 
1ε..... ׷ ϳؼ 1õ6ÿѳӴ´ 5ſ"
,Ե,"5 6  ʹ  Ŀ  ǵƴٸ    ̶ Ǿ ϰ ϴ.ó ⱸ ϳϳ Ÿư
Ÿϳ µ 30~1ð ^^;;;
׷ ۷̵庸 Ű ⿣ Ҿ.
ģ  ʾ մϴ.
̵ ģ  ȿͼ ׷;;;
߰ģ ̿Դ󱸿^^;;
6⸸  Ե夾
αִ ⱸ ⸶ ɸ°  λ Ϸ翴ϴ.
^-^ Ѱ Ͽ  "
,Ե, ڷγ   Ʈ  հ Ҿ ̱ⱸ   ʹ ٰ ϳ׿
,Ե,Ͽ     ־~ ׷ 90cm ̴ Ż ʹ ׿̤
,Ե," Ͽ  ׿䤾αִ ̱ⱸ ð 2ðФб׷ ׳ н
Ÿ پϰ Ÿ  Ͽ Դٸ  ߾. ϰ  ׳ ा"
,Ե,ī ۷̵  µ  ̰ ۷̵带    Ҿ.  ޾  ư ̾ϴ:) ſ:)
,Ե,"Ͽ µ ݿ̶ ׷ б ü ͼ  ʹ  ̱ⱸ 3 ۿ Ÿ ߰ н    ߾ ̤ ׷  ԰   ãƴٴϸ   ϴ ! ڰ ķġ ʼ Ÿ ¥  
@b_lisssz ??"
,Ե,"  :) 
̶   Ư, ŷ  մ° 1ðѰ ٸ  
׷  ʹپƾ 

 3000 ʹ٢"
,Ե,ʹ  Ҿ䢽 ǰͳ׿䢽    ִ°ŵ ԰
,Ե,"ճ  µ, ʹ ߾. ̵  ^^"
,Ե,κ ִ űϳ׿.ũ ٻ ʾƿ
,Ե," Ե  Ǫ忡.
԰  ؼ. Ե忡 ׻ . ŹٵǸ  ־. ¯ġ ʹ ¥.̤"
,Ե,"ͺ ͺ. ̿ н  ȵǰų 1015п 1015 ΰ͸ ǰ.
 н ħ ǰ.
  ٸ ϴ 
 δٸ ؼ   װ .
н   Ȥ ̱
  Ա."
,Ե,߾  ϳ  ʾƼ ׷  ģٰ Ұ *庸 Ȱ ̸    ־ ̾ϴ ̿ ູ ð ´µ   Ʈ Ѱ ʹ ƽ
,Ե,"Ե Դϴ.
Ʈ ѽ÷ ȸ翡 ġ̰ ģ  Ѹ ֵ   ٳԾ. 
̶  ˾Ҵµ   н 5ȸ   ߰ 4  ϰ !  28 Ѿ ߿ܴ н  ϱ ..԰ Ĺŵ䡦
԰Ÿ ٸ öƽ ʹ Ϳ䡦 Ф Ѹ  ΰ ŵ  .. ̤   ȸ ǰ ִ󱸿.. Ѵ  ߴµ  ʹ ɸ׿. ο̽Ʈ   ּ!"
,Ե,"̶׷   ʾƼ Ҿ,
̰  ٸ鼭 
װ ũ ʾҾ ??
׷͵    °Ŷ մϴ ??
峭̳ ǰĴ°.. ݸ ھ.. ??
 ޶ؼ.. ????

20붧  ̾µ,
ȥؼ ̳ ׾̶ ̰  Ӵ󱸿

۷̵庸鼭  10 ưͰ ſ

Ƶ麸  °Ͱƿ ????"
,Ե,  ִ ޺긴! Ա⵵  ٷ  Ʈ ־ 庸⵵ ƿ!:)????
,Ե, ݿ ų ~    ̵ վմϴ
,Ե, ־    ~~~
,Ե,      ġ̰ ֵ ϳ  30 ٷȴµ   ԰...   1ð ٸ...̷ Ȱ ;...
,Ե, ȸð  ־ ڽϴ.
,Ե," ̵ 
ڷγ  Ǯ̶ ׷
 û ,
Ư Ű ϰ ؼ !
*Ƚø    ɾ
(ٻڼż   ּż ׳ ٸºе ֳ׿)
׷  Ծ:)"
,Ե,ٸ ׷ ̿
,Ե,ʹ  ż հ Ҿ ġ ؼ    ׽ Ŀ µ ̱ⱸ ټ !!
,Ե,"̹  ϴٰ ߴµ ŻVIP  غð  ոα õ帮䤾
45 µ ġ ߽ϴ٤Ф
ƮƼ80 ٸ ź ó̿ "
,Ե,"޴ н  ¥¥ ζǸŭ ư, Űũ ãƼ 1δ 3ȸ ϱ õ帳ϴ 
Ƽ  ٸ ƲƼ 1ð20 ٷȴٰ ϴ.(Űũ ѹ, Ϲݴѹ)
Űũ α⸹ ̱ⱸ  ϼ~
 2~3  αִ° ˴ϴ
Ե ǳ ִٴ°ſ ﵵɿ ־ ߱  ū Դϴ
 ٿԽϴ"
,Ե,Ƴ  Ͽ 湮ߴ   󱸿 н Ẹ ;µ   ϳ ׿  ׷ ڸ ƲƼ Ÿ ٷȴٰ Ư   ߽ϴ٤ Ȱ Ե Ƹ ؼ    ۷̵嵵  ̰ ູ Ϸ翴׿
,Ե,ʹ ƿ~~ հ ٰϴ >.<????
,Ե,   ƽ Ѱ   ģ ϼ̴µ 2 ٹ Ķ г  ˹ٻ ˼ ̰  ʴ  ģ ϼż ̰      ٹΰ ϴ. 극ũŸó   Ǻµ ¥ ¥  Ҹ  ظϸ  ȳµ  ׷ ˼    ǥ   Ҷ ȳ ֽô е ʹ ģϼ̽ ׺ ٸ  ˾ƺñ
,Ե,ü       ְ ҽϴ ׸ Ͻô е ټ ݸ   ڽϴ 忡 ؼ ٵ   ִ ̶
,Ե, 36 µ ̱ⱸ  Ÿص پ۷̵峪 Ÿ  Ҿ ̹ڴ ĸĻ̾ȵ ؿ Ե ǳµ ʳ̳ĳ ޶ʳ׿..ǳ־ ѵ. ﶩ ÿؾϴµ ٱ  ׻
,Ե,۷̵ ð뺰   ְ ܿ￡ ٽ ѹ ſ ̰ ʹ ؼ ⻼??
,Ե,̿  ϰ  ƿ^^
,Ե,̵ Ҿ. ̶ ̱ⱸ ̱ٸʾҾ.
,Ե,"簡 ֳ׿~~
īε  Ͱƿ~
̰ ־ϴ~
б п࿡  ..
ٱ̳׿ "
,Ե,"ݿ Ŀ µ ġ ؼ ̱ⱸ1 ۿ  Ф
۷̵  Ҿ!
,, Ͻô°   ƿ"
,Ե,"л  ˹ߴ ߾ ϻ ׿.
鼭 FM ôµ Ѱᰰż θ ݰ߽ϴ.
Ư 4ð ٷ Ÿ ó̳׿䤻 ̸Ծ 㸮 μ  ˾ҽϴ٤"
,Ե,"ݿ,  ʹʹ  (߰ ĳ)   ʹ  ѷڽ 2ð Ѱ ٷ Ÿ( Ÿ  2ð ٸ  ) Ư 2ð 30 Ѱ ٷ Ž (  ) ձ ѵ 㸮, ٸ ʹ  α ̱ⱸ ⺻ 2ð Ѱ ٷ Ż,, ɽð Ĵ縶      ־   ظϸ ɽð ؼ ﰡų ָ ð Դ° õմϴ"
,Ե, ġӿ ߾ 1-2ð ٷ Ÿ  ϴ ͵ 󱸿 ٸ鼭 ô ô ־ϴ!
,Ե,ڸ پ  ƮƼ ܿ νð(..) Żִ   ʾ ̴      Ż     ܺ ٶ! ̷  ŷ  ŷ Żִٸ ѹ Ÿñ . Ư     ġߵǾִ ķ̵      ġ ¥  ̳ٸ  Ÿñ..Ź  ѹ غ.Ⱑ ѹ ޾  ice¼ ¥  ÷  Ѹ Ը  ʾ ʹ ް ϴ? ƴ..bhc 
,Ե,"̵ ̱ⱸ  ־  ϰ  ҽϴ.
Ű丮ƴ н ᰡ ؼ µ, Ѹŭ ƴϿ-
׷ ̴ մٰ ϸ鼭 ϳ׿! е鵵 ̵鿡 ģ߾~"
,Ե,̵  ƿ~
,Ե,ǷԵ ȿ ִ ̿. ŷ ʿ ְ  ټ Ҷ. . ʿ ÿ ̽Ŀ. ..׷ ʹ ؿ.
,Ե,Ȯ ġ ̳   ׿!!! ĺٴ Ǿ ִ ̵  ׷  ҽϴ !!
,Ե,ħ  ؼ  ªͺ  Ÿ ٳ༭ ǰ ϳ׿  3⸸ ̳׿  Ҵٰ մϴ
,Ե,Ⱑ   ʹ ſϴ
,Ե, Ǹ ߿ܴ  ǰſ..   ǳ   ؼ ̳ 
,Ե,"5̶  ʹ ׿ ο ؼ ġ   ̴° ֽ  6Ϲ湮ߴµ İ 峭 ƴϿ ϱ 1ð ٸ ̱ⱸ Ÿµ ⺻ 1ð ٷ ܿ Ÿ Դϴ    嶧 Դµ 5 ̱ⱸ ܿ ϴ 
ο ؼ ֽñ Ź帳ϴ ʹҴϴ ̤"
,Ե, ٵ   ο
,Ե,    ʾҾ ׷  Ż ̱ⱸ Ⱑ  ִ󱸿
,Ե,¥  湮ߴµ ~ ~~~!! ġ  ؼ ѽð Ѱ ٷ ̱ⱸ ϳ Ÿ ׳ Ծ      ٴ  ´°.. ڽ ϴ°ſ?? ư  ȰͰƿ K!!
,Ե,ȳ п Ÿ ̱ⱸ Ż  ־ϴ!   ؼ   ߰ ָ   Դٽ;ϴ. ̱ⱸ ο    3ۿ Ÿ    ƽϴ. ٸ ϰų ü Ͻ е  ϰ ;  ϴ. ׷ վϴ.
,Ե, ʹ Ƽ ̱ⱸ ŸⰡ ϴ. ķ̴  쿡 1ð 8 ٸ ܿ ϴ. ڷγ ñ̴  ο  ڳ׿.
,Ե,  Ե忴ϴ
,Ե,ι 緥ٰ ⸸ Ե 湮߽ϴ ̹    ٳԴµ Ե ̷̹   ̱ 
,Ե,¥ ʹ ƿ Ф  ٿԴµ ¯ վ    ͳ׿..   Ƽ ̱ⱸ    Ф
,Ե,"   8 ۷̵  Ծ.
 ϴ  Ƽ ƿ??
ٸ ޽ü Ƽ 뷹̶ ̰   Ÿ ƽ..
Ե忡 ̰  Ծ."
,Ե,"ʹ   վµ  л  üн̿  ʹ Ҿ....
Ķ г ߿ ѹ      ˾Ҵµ ؼ ڸ ٷ µ Ҿ~~ 
׸ ö̺ó Ŵ ¥ ϰ ϱ Կ  Ÿñ!!
ũ   ſ ð ¾!!"
,Ե,̶  ʹ Ҵ ׷  ڰ վ Ե  ʹ
,Ե,̵ ó Ե Ƽϳ̹  ϳ׿..ʹ  ֵ ϴ ƿ~~~^^
,Ե," Ҿ䤾
 ׻ 
ī̶ ʹ ų  ٿԾ
մϴ٤"
,Ե,430 湮  Ƽ ̱ⱸ Ϲ Ż ٷȾ  湮̶ Ҿ
,Ե,  ׿
,Ե," ε  ʹ Ҿ!
ۿ    ͼ  µ, ٸ         ϴ󱸿..     ٸ   ٴϴ ͵ ƴϰ,  ϸ Ǵ°ǵ  󸶶 ϴϱ ̰ ....  ȷ ΰ..?
 ܺ Ʈ ݾƹ ο  ʹ ,   ˰ڴµ ģϰ.. ιٽ Ȱ Ե...."
,Ե,¥ ¥ ʹ ԸԾ Ե尡ø ! ұ Ѹ Ф
,Ե,̶ Ÿ   ϴ  Ҿ!!
,Ե,"̰ ʹ ߾
 ˾Ҵµ  պ ʰ
 ̱ⱸ  Ÿ Դϴ.
65   ó ð
Ҵٰ Ͻó׿^^"
,Ե,ö ׻ ؿ~ ߾  ϴ!
,Ե, ̵  հ  ҽϴ.  ߾  Ծ :)
,Ե,4  ö ƽ.  ؼ  ҳ׿^^
,Ե, Դµ ҽϴ
,Ե,"޶ f, ǳ ϳŻ ѽðݱٸ ԰ Ӹ  ۷̵fµ   ̱,  ⿣  ȳ  ɽ۷̵ , ... ֱؼ  fµ 7 Ƶ ϴ°Ű  ⱸ ϳۿ Ÿ ٽô Ȱ ħﰡ ҰŰƿ,"
,Ե," , 罺 5  ְ.  20   ̱ⱸ ϳ  Ÿ Ե   ߴ .    ź . , , ߷,  ս ̾. ׷ Ǹ    ְ ֽ Ե մϴ.   ߴµ Ե   .  Ե!"
,Ե,н  Ű ȵǳ..    ˼־ 
,Ե,ʹ ູѳ!
,Ե,1ģ ̼ Ե尡  Ż԰  ٿ
,Ե,ÿѰ ̳߾ Ծ~
,Ե, 6-7 ̵ Ÿ° ʹ ýؼ Ф ̱ⱸ    ھ Ф ׷ Ľð  ҽϴ ^^
,Ե, µ   
,Ե,"4 30 Ͽ  ¥ ʹ ʹ Ҿ 
2ÿ  ߴµ  ʹ Ƽ 2 30б  Ű 
 ¥ ʹ  ȴ    
̱ⱸ ¥ ϳ Ÿ Ծ 
   ƿ ̤??,,"
,Ե, Ͽ µ   ־  ׳ ٷ Ż   İ Ǵ л  ̴     ϴ    ٸھ~ ׳  ߾  ҽϴ
,Ե,Ͽ 湮ߴµ ̱ⱸ ŻŸ մϴ.
,Ե,츮 ° ù 湮̶ ʹ ߾.̱ⱸ پϰ ۷̵嵵 ȭϰ ʹ ſ Ϸ縦 ¾. ƽ ִٸ ʹ ~~~ ٷ Ÿ ߱⿡ .̤ ֵ ̶ ׷  󱸿.  ٸ ģ  
,Ե,̶ ׷ Ƽ    ּ ѽð ٸ..׷  ־~
,Ե,̵ õ Ե~~
,Ե, ʹʹʹ Ҿ. ǥ  ߽̿ϴ~~~~~~~~ մϴ!!!!!!!!!!!!
,Ե,޺긴 ~
,Ե, 湮ؼ ʹ Ҿ
,Ե,ʹ ڳ  ο̤
,Ե,½ð  µ  ʹ Ҿ. Ϳ...  ؼ    .  ۷̵  ǳ  . α ̱ⱸ 2ð ٸ  Ż  ־.  ι޾ ϼ.   ϱ⿣ Ÿ  ͵ Ƽ. ⸦  ´ٰ ϰ ~
,Ե,"   ð 1ð ʰ԰ϱ ٷ  Ҿ!
 ̰  µ  ﵵ  ʹ ׿䤾"
,Ե,̹ ϴ   Ҿ!
,Ե,Ʊ  ߾ !  뷹  Ϳ 
,Ե,ʹ ʹ հ  Ѿ~
,â,"â âð Ǿ ־ Բ ϱ ƿ. ½  Ǿ   Ʊڱ ɵ ׿.   ִ Ͼ  ҳ ۵ ְ,  ֺ ȭ, ޷,   ɵ ʹ ڰ Ǿ־.  ó   ɵ鵵  ̸ ǥõǾ ־ ϱ  Ҿ."
,â,"â̶  ٸ  
âõ  
ȣ  ɵ  ־
åϱ ʹ ׿
½ǵ  鷯ñ ٶ

â̶ ̾   5ÿ 
â ̴ٰ ټ  ٷ
̾  ؼ 湮غñ õ帳ϴ"
,â," åϰ ̻  ๰   !
 ʹ ̻۰ΰ ƿ!
 ⵵ Ʈϱ⿡ ̿!
Ŀܵ å õ!!"
,â, ȱ⿡  ƿ
,â,ǳ 츮ñ â ƿ.
,â, ȥڼ ȱ ƿ뢾?
,â,̰ ׻  â!
,â,̵ â  ߾.^^
,â,â  1000 â  ߰9ñѴٳ׿. ׷  Ұؿ. Ϳ   
,â,â åϱ ƿ ٵ ָ  ʹ ׿
,â,  ʾ  ٶ â ؼ  åϸ ʹ Ҵϴ.
,â, а ȭο ϴ
,â,âðĿ ٳµ âõ ʹƿ.
,â,ϱƿ 㿡Ѻ԰ôô
,â,  ʷʷ!  ̿
,â, ÿ  ߾.
,â,ؼ Բϴ ʹ Ҿ.
,â,   ƽ׿
,â,ָε Ӱ Ҿ.
,â,"ƿ..  ǳö  ٽ °ɷ,,,"
,â,ö Ƹٿ.
,â, Ը Ÿ   
,â,"â? â?
 ġϿ 츮 Ƹٿ ñ  ϸ â Ҹ  ־.
ã Ͽ
츮 縦 ٷ  ְԵ  մϴ.

ʵڳ Բ  հ 
  ̸.

 ĸߴ 
׸,   ½   ִ
Ƹٿ    õմϴ."
,â,åϱ  ƿ~!
,â,  Դϴ
,â,.ε. û ģϼ~~~
,â,ܿ   õϰ ;
,â,åϱ ƿ
,â,ʹ Ƹٿ 츮 ñ
,â,ƿ~^^
,â, ϴ~
,â, ¥   㿣 ѹ԰ 
,â,  ٴϱ ƿ
,â,50⸸   å 󸶳 
,â,",  湮ߴµ ʹ Ƹ ??"
,â,", , ½  ʹ ."
,â, ʹ Ҿ^^
,â,  ʹ ϴ:)
,ڿ Ƹ,̿ ֱ Ҹ鼭 ٳ༭ Ϳ ǳ  ð  ؼ    ð   
,ڿ Ƹ,"ٶ㳪 ź   ۿ  鵵   Ҿ
ۿ ׸  Ǿ ְ, ߰  ī䵵 ־ ޽ ϱ⵵   ƿ :)
Ȯ ̵ ԲϽô   ҽϴ!"
,ڿ Ƹ,  ȥ µ Ŀ̶ ֱ ʹ Ƽ  ܷο. ٵ   ģ Ǿ־.   Ϳ. Ǿ οߴµ   عȾ. Ÿ ¯ ƿ. վ. ٵ ڿ ʹ Ŀ Ƹ ãⰡ  . ׷  վ.
,ڿ Ƹ,"̶̳    ̰ ʹ ߾
ι  ϳ  ϰ ų ٴϳ׿.
      ٴټ ŷ¿ ö  ڰ ϰ?
 ϰ  а ߾^^"
,ڿ Ƹ,"  , ʹ ſؿ~    ° 湮߰   . ̹   ٷ ż ¥ ϳ׿."
,ڿ Ƹ,"ֱ 640п ؼ
ȣٴ    ߾
ٽ ⿣ ʾ ??
Ա ٷ ֽø ھ..
 ʹ ̻ڰ   Ǿ ־
Ʊ⵵ ϰ հ  Խϴ!"
,ڿ Ƹ,Ʊ ̳  ʹ ͰƼ  µ   ð뿡  ׷ Ӱ  Ͱƿ !! ʹ Ǹ߾
,ڿ Ƹ," ι° ̶ 湮߾~! Ź⼦   ʹ ׿.
̶  10⸸ 湮ߴµ ̶ Ʊڱϰ ߲ٸֳ׿~~
п  ð ½ϴ."
,ڿ Ƹ,ʾƼ ϰԴµ  ʹʹʹ ϰ ! پ   ĸ   ־   Ⱑ ߳ͼ λ  ϴ  ߾ װ ~?
,ڿ Ƹ,ϰ  ĳͰ ־ ̵ ߰  ѹ  ȭҤ  ѹ         ־ ĳ͸ Ѵٸ  մϴ. ٴ   ŵ
,ڿ Ƹ,"̶ָ   ?????????
  վ! ????????
ĸ    ￡ ƿ ??! 
̹ ̸ ϰ ϱ   !"
,ڿ Ƹ,е鵵 ģϽð     ƿ?? ϸ ʹ Ϳ!!!!
,ڿ Ƹ,Ÿ. ƿ ̸  ȴ  ٸ ׿ 5̸   ʿҰ ƿ
,ڿ Ƹ,̻   ǶĴ ¥   ҽ Ը ũ Ÿ Ƽ ϴ. ź   ¥ Ի  վ°Ű ۰ ڸ鼭  յնٴϴ  Ϳ
,ڿ Ƹ,"ϴ  Ұ  нϴ
 63 Ƹ  ϸ ..ϱ   ׿
  ˹ٻ  ٰ   ٴ    ְ 
 ְ  ִ   ׸ ¥ ̽...?
̵   ε ̵鿡
ģ 1   Ƽ  ..
湮ǻ ϴ"
,ڿ Ƹ,6⸸ ٽ    ϰ    ҽϴ.  ٸ   .  ڷγ Ȳ̶ 6 Ҵ α׷    پ α׷ ָ  ϴ.
,ڿ Ƹ,̰ ٷ  տ  ¦ ⵵ ϰ ű ߾.  ƺµ ð  ɸ  ׿. ߰ ī䰡 ־  .  մϴ.
,ڿ Ƹ,"ڿ ϰ Ʈ ϱ ƿ
а Ұ ϴ

 Ƽ ׷   ־ϴ
  ⿡  ʽϴ"
,ڿ Ƹ,ī ϴ   ־ ƿ.^^  а Ÿ ƿ.
,ڿ Ƹ,̵ ٳ   ƿ~ Ա Ŭ ִٴ° űؿ~^^
,ڿ Ƹ,ڿ Ƹ پ      ̵鵵 鵵 ְ  Ծ~^^
,ڿ Ƹ," , Ÿ ƿ.  ̻ڰ  ͼ   湮ϱ   ."
,ڿ Ƹ,Ʊڱϰ ̻ڰ ٸ  ׸   ־ ̿ ⸦ ϸ ϱ ʹ Ҿ
,ڿ Ƹ,ϴ 5 ° û ߾^^ Ÿ  ǽü ߵǾ־
,ڿ Ƹ," Ե , پ  ڿ ξ Ƽ ̰ ̰ ſ մϴ. ° 湮ϰ ־~"
,ڿ Ƹ,ϰ ° Ƹ Ը  ū  ƿ. ν پϰ ְ  Ʊ õմϴ.
,ڿ Ƹ, Ƹ 浵ϰ ̵ ̰ ϴ. մϴ??
,ڿ Ƹ,Ʈϱ ƿ  ٵ ʹ  Ф  Ʋּ ..??
,ڿ Ƹ," ϴ Ƶ 
 ° ̳׿䤾
    ݺؼ ߴµ
̹   Ż߾䤻
̹ پ Ÿ ſ ð ½ϴ~"
,ڿ Ƹ,̳   µ û ųϳ׿   ִ° ִ°ź ̵ û  ãƴٴϸ µ ۳⿡  ̺Ʈ;; ̵  ޴  ˰ ϰ ִٰ Ǹϴ󱸿 Ȱſ Ȱų ó ÷ ޾ƿ  ȳ Ǿ־   ׿
,ڿ Ƹ,"22 ư  
ϱ  ,   鼭 ð  ׿. 
  ũ ִ ð̳ ϴ ð 缭     ƿ"
,ڿ Ƹ,"̵ Ӹ ƴ϶ 鵵    ִ ̿  پ    Ÿ  ûϰ   ǰ ִ   Ҿ 
ֺ ԰Ÿ Ƽ   Ļ絵 ϴϴ 
 4ð   ݾ ̿밡մϴ"
,ڿ Ƹ,ϰ  պ ʾƼ Ҿ~~ 5 簡 ؼ ϰ Ҿ
,ڿ Ƹ,̵ մϴ~ ĳ͵ ̻ڰ~ Ҿ~
,ڿ Ƹ,پ  ִµ ǥ   ģϰ γְ ̰    ּż ߽ϴ. п    ϰ Ծ.  ̶ִ    .
,ڿ Ƹ,"12   Ƹε к ڸ մϴ.  ܰ躰   Ұ ڼؼ ߽ϴ.   ⵵  µ ü ϰ ٸ缭  .  ִ   ü ׼ų׷ȿ   ͳη Ȯϵ    ־ ҽϴ.   ħ  ׷ ֵ ڰų  Դ  ̰ ־   ƽ ųƼ  ԰ ־ Թ   Խϴ. йϰ Ȱؼ Ϳ   ־. ߰߰ Ǳ ī䰡 ־   ִ  ְ,   Ϳ  ־ οϴ.    ȸ  ʾƿ.     ￡  ϴ"
,ڿ Ƹ,پϰ Ÿ Ƽ ҽϴ!
,ڿ Ƹ," Դϴ
ƿ 
ٸ Ʈڷγô뿡
  ־ ھ
лü鵵 絥
 ŭ ƽ׿"
,ڿ Ƹ,"   Ǿ ְ~
ȯ  ߵǰ ִٴ° ϴ^^

ģ γ Ʈ ⷯ ǰŸ ̳ ıε ؼ õ帮~

 Բ õõ ѷ
۱  е ϱ õմϴ

 ͳ׿~~"
,ڿ Ƹ,"￡ ִ Ƹ    ̵ Ҹ  ڿ  õ Ͻñ淡 9 ī ܵ ٳԾ.
پ ׸ Ǿ־ ڽ   հ ߰, 
̶ ξ   ƽµ 
    ϰ   ־.
(̵麸 Ŀõ  Ҵ)
 ￡ ° ڸ ܿ ųƼ!!!?"
,ڿ Ƹ,ణ ʹ ̸       ׷ ű     ־ ҽϴ!   Ͼ  ༭ ߾??
,ڿ Ƹ,"ī ſ ðǾ.

ݺؾ  ִ .

 ̽   ű⿡ ˾ Ƽ ѷָ ƿ.
̵  ̳ʰ    ־."
,ڿ Ƹ,   ־!  ǰ . 鵵  Ϳ.   ð ƿ!   Ǿ־    ־! ð 𸣰 ó׿!
,ڿ Ƹ,"6⸸ °ǰ??   ڷγ  ̷ ٺ  Դٰ ̹  ηη غؼ ôµ ó Ծ ְ׿~ ̵  û Ȱ̶ ̰ ³    ؼ ￡   ؿ~

   ߴѰ  峭 𸣰 Ƹ   Ÿ鼭  ͳ ڿ Ʈ̵   ϴ󱸿~"
,ڿ Ƹ,"Ÿ پϰ  Ϸ, ٴٷ 귯  Ҿ!!
ٵ  Ʊ 13ε   ̸  ֽϴ
׸     ޴ؾϴµ( )  
׷ Ÿ  ġ  鵵 ְ ҽϴ!"
,ڿ Ƹ,ڿ 迡 Ƹ 湮:)))  ????
,ڿ Ƹ,̰ ʹؼ ǰմϴ.
,ڿ Ƹ, Ը ũ ϴ ̰ ־. Ժ  Ϳ
,ڿ Ƹ,ڽñ  N⸸ Դµ վ ^^
,ڿ Ƹ,ֱ   Խϴ. ߰߰ ִ Ż͵   Ⱑ  Գ׿;
,ڿ Ƹ,ī  ٿԴµ 븸̿^^
,ڿ Ƹ,", ź,  ʹ ڰ Ҿ! ~~"
,ڿ Ƹ,   ؼ ҽϴ. ̰ ô ߾. 籸 ϰڽϴ.
,ڿ Ƹ, Ƹ ſ  ^^
,ڿ Ƹ,۾Ƶ  ϴ٢
,ڿ Ƹ,"׻ ̿ ó ýϴ.

     Ǿ Ȱִ  λ̾ϴ.

κкκ    õǾ ־

 α׷ ְ  ýϴ."
,ڿ Ƹ,"ѱ   ѱ  ׸, Ƹ ׸  ٸ ִ.    ͳΰ   ־   Ⱑ .   Ե Ƹ ǵ źӰ 簡 ־  Ҵ."
,ڿ Ƹ,Ÿ ¥  ٸ ɺ . 2-5ð?  ƿ
,ڿ Ƹ, ְ  پؼ ̰ ־߾~
,ڿ Ƹ," ߾  µ ʹ     ƿ~>_<!!
   پ߰ ϸ ٺ 2ð Ѱ ½  Ⱦ??
 ̶ ׷   ʾ     ־ Ҵ  ƿ^-^
߿  ð  湮 Դϴ??"
,ڿ Ƹ,"¾ ó Ƹ  þ ̹ ϸ ϰ   ־ ڿ Ƹ Դµ ʹ ູϰ űϰ   ð    ູ߽ϴ е̶ ŵ , , ģ鳢 ͵ ɽ ʰ  Ÿ Ƽ   ƿ   ģ       ־ ҽ ϴٰ       鼭    ٴ ȯ  ٴ ü       ð̾ϴ"
,ڿ Ƹ, ֱ 󱸿? ߺýϴ. ͳ ټ?ª? ̶ ѻؼ ߺԾ~
,ڿ Ƹ,  ð    ʾ Ҵµ ü  ƽ׿ ׷ ̴ ʹ ߾
,ڿ Ƹ," ð   ηη   ׷ ʹ վ  ǰ ڽ ,  ģߴ  ￡ ׿뤾"
,ڿ Ƹ,"2-3⸸ 湮 ߱. ̿  ð ϴ.  ϰ ǽü  ̶   ̿.   ǰ־ νü ĵǾ    ѹ ʿϰڱ   ϴ. ޵ ̼  ְ  ̸, ׾鿡 ָ    Դ  ϰ ϴ.^^"
,ڿ Ƹ,Ÿ  ҽϴ.   Ʈ ϰ ; µ ʹ հ  þ. õ  ⿡  ڼ   ƽ. ̸ ǥõǾ ִ  Ҵµ    ڼ  ǥֽø      մϴ.
,ڿ Ƹ,¥   ޶  ϰ  ϱ ʹ Ҿ ε鳢  ̶     ƿ ٵ     .. Ѱ Ѱ 鼭 Ͻô°   ׿ ǰ Ե  α  ʹ ̻ Ҿ
,ڿ Ƹ,  ū Ÿ ׿     Ҿ ~ ٸ   Ա ⱸ ʹ  ߾ ܰ ÷ͻ̶ иؼ  ϴ󱸿~
,ڿ Ƹ,ۼ ǰ ƿ :)  ؼ  ƿ
,ڿ Ƹ,߰   ƽԵ     ҽϴ!
,ڿ Ƹ,"18 ̿ Բ 湮߽ϴ.
ü  ָ湮̶ ڸ ã  30 ð ҿǾϴ.
߱Ǻ ̹ Ű  Ͽ ͳ  Ͽ, ð缭  Ƹ   ־ϴ.
Ʊ   ϱ   а   ɾٴϸ鼭 ϱ ҽϴ."
,ڿ Ƹ,ϴ 5 ̰ ʹ ߾. ̶   Ҿ??
,ڿ Ƹ,2ðѴ ð ʹ ູѽð  Ծ.
,ڿ Ƹ,"ϳ  ѻϰ ϰ  ־ Ҿ.
ͳ  ϴ Ϳ Ʊڱ߰ 츲 ׸ ҽϴ.
ü   Ը Ŀ ߽ϴ~ 
    Ȱ  ι޾ٵ ߸ؼ ϱ  ƽ׿ Ф"
,ڿ Ƹ,űϰ ΰǾ 
,ڿ Ƹ," ù Ƹ ڿ  Ǿµ  մϴ. Ը ũ  Ҿ!
    Ϳ.
4 ̿ ð  ½ϴ!"
,ڿ Ƹ,"  ̷ پ  ó ˾Ҿ ??! ε  ༭ , ȿ ī䵵 ְ ü  Ÿ ־ ־"
,ڿ Ƹ,ѹ ̿ 湮ϸ ;
,ڿ Ƹ,Ը ũ Ÿ Ƽ ƿ~~ ߰߰ ɾƼ ־ ƿ ~~ Ƹٿ ߾ ϳ Գ׿
,ڿ Ƹ,"̿  , ̶ָ Ƹ   Ÿ  ߾ ,   ʹٰ ϳ׿"
,ڿ Ƹ,հ  ŷ̿
,ڿ Ƹ,"⵵ Ұ ֱ⵵ ϰ, ߰߰ ٸ 鵵 ־ ð  𸣰 Űƿ! Ư ְ ¯뢾?"
,ڿ Ƹ,Ϻ ī ִ Ƹ ϸ    ϴ. ݵ ʹ γ׿ Ƹ и Ʈ Ӱ Ŀ Ҹ û ũ  ű⼭     ޱⰡ ڴٴ  ϴ. ֺ 鿡Դ õϰ  ʳ׿
,ڿ Ƹ,"1.  4ð 4,800
2. ¸ Ÿ پ
3. ߰߰ ġµ ġ ־ ޽   
4. ׳ ٴģ  űϰ Ϳ õ!!"
,ڿ Ƹ,ϰ о  Ƶ ϴµ 
,ڿ Ƹ,"ó Ÿ    Ƽ ƽµ ڷ  ū Ը  پ  ģ ־ վ
ȿ  谡 ְ ֺ λưԵ ־ Ϳ ߾   :)"
,ڿ Ƹ," Ƶ 2  ׿ ̵ û ϳ׿~ 

̹ α ޾Ƽ  ׿ "
,ڿ Ƹ,Ư ϴ     ģϼ̽ϴ. 繰̳ Ǳ ̿   ̸   ٲ㰥 ˷ּż ̵ Բ ϰ   Ǿϴ.
,ڿ Ƹ," а پ  ־ Ҿ.
ٸ ð 15 ܵΰ Դµ   ٽð Ǿ ׷  Ϸ 뵵 ..׷  װ     ʾҾ"
,ڿ Ƹ,ƮϷ ǵ ֱ پٴϰ ֱθԵ ֱ ۻ  ϴ° ذ  Ѱ θԵ ´ٰ 渷 տ    ּ ߺ ߾.   ϸ ٸų ̰ ϰ   ϳ  ׳  ϰ   ʹٴ  û 󱸿. پٴϴ ֵ  ð  ٽô Ȱ ;.
,ڿ Ƹ,ѷ⿡   ̿! 츮 μ װ   .
,ڿ Ƹ,̰ ʹ űϰ ߾^^
,ڿ Ƹ,ָ Ŀµ    Ҿ   Ǿ ־ ׿
,ڿ Ƹ,Ÿ  ڰ о ϰ ϰ ϴ. ڿ Ĵ絵   ϳ׿
,ڿ Ƹ,ü  Ǿ ̵    θŭ ްԽ  ϰ  Ǿ ھ
,ڿ Ƹ, а Ÿ  ʹ ſ ð̾ϴ. Ƹ  ִ  ˰ Ǿ  ǹִ ̾.
,ڿ Ƹ, ʹ δ ƴµ ̹ 25000̸ ȿ Ը а ü Ƽ ո̶  ׿
,ڿ Ƹ,"⿡   ھ.
ڵ 
   ׷ ʿؿ.
  ñ߾.
õõ鿩ٺ 1ð ݳѰ ôµ
   Űƿ."
,ڿ Ƹ,"5/8 Ͽ  1215 湮߾~!
θ԰ Բ  ֱ Ұ 
ֱ鵵 ݰ ְ ⸦ ߽ϴ社
  Ϳ ״ , ״  Ϳ."
,빮  ,ΰ  о. ǳ ܿ ״     ñ⿡ ̳   ìܰ.  ϰ ؼ      ִ ̾.
,빮  ,ϰ  ð̾
,빮  ,   ǹ ִ ̶  ߽ϴ~
,빮  ,̿  Ҿ  忡  ð  Ծ
,빮  ,̵ Բ Ϸ   
,빮  ,̵ ѹ  ƿ ٸ  ؼ   ö ٷ ؼ װ  о õõ 鼭 ̵  ε ǰ ϴ
,빮  ,¿ ε  ȵǴ°ǵ...մϴ
,빮  , ʹ Ұ ܵ Բ    ǹ Ե ̻׿.
,빮  ,縦   ̷ 
,빮  ,ι߱Ǳ⿡ ǥ  ̶ Ƽ     Ȯϼ.   Ƽ    ͼ  ߳׿.  Ƽ ޻ ǥ   ;;;;
,빮  ,̿ ѹϴ°̳׿~
,빮  , а Ÿ ƿ åϱ⵵ 
,빮  ,湮ص  ѱ Ը׿̤ ׺е  ̷ﳽ   ѳ߰ڴٴ ϰԵǳ׿
,빮  ,ʹʹ   Ϸ翴ϴ
,빮  , ׷ °
,빮  ,縦ٽûϰ
,빮  , ̵  ƿ
,빮  , ˾ƾϴ 
,빮  ,ֱ Ϸ
,빮  ,ϴ! ʰڽϴ
,빮  , 湮ؾϴ ̿
,빮  ,ٽѹ ߻    Ǵ 
,빮  , ƾ  Դϴ
,빮  , ð  ־
,빮  ,ѹ  ƾҰ
,빮  ," ѹ ѹα  ϴ ̳׿. 

 빮ҿ 

.

 ߿.
 .
 .
 ׸.

.

  ￡
 .
  Ų ѹα
̷  ϴ.

 ־⿡
ѹα ֽϴ.

 մϴ."
,빮  , ð  ٳԽϴ.
,빮  ,ṉ̰̀  ־ ߾~~
,빮  ,̿  ͺ
,빮  , µ  ڼ ְ ڷᰡ ϴ ٸ ָ     ǵ Ͻô  鼭 ָε  ȥ  ׷ ó...
,빮  ,ʹ  ƿ䢽
,빮  , ߽ϴ~
,빮  ,빮ҿ ϴ.
,빮  ,ѹα ̶° ڶϴ.
,빮  ,  ðԴϴ Ф
,빮  ,ֱ  
,빮  ,̸ ϰ 湮ϼ
,빮  ,̵  ٳԽϴ
,빮  ,̵ üϱ ƿ
,빮  , 湮غҰ
,빮  ,   Ⱦ
,빮  , ѹ  
,빮  ,̺   ҰԴϴ~~
,빮  ,̿ ٳԾ. ʵ5.6г ѹ  .
,빮  ,ũ  ٷ ˱⿡ ְ
,빮  , ٽ ͺôµ    Ƴ׿
,빮  ,̰ ʹ  ; ؼ ٳԾ
,빮  ,ó fµ ʹ ߵǾմ󱸿 θ ð ٽ 
,,"åϱ ƿ,  ̶ ƽ  ־"
,,  ?  ƽ ״þƷ ϱ 
,,    ߴ . ȱ⿡ ƿ??  23 ϸ   ϴ󱸿!
,,Ʈ ε ƿ  õ   ſ ߾   ִ 
,, ʹ Ƽ ϱ  Ҿ ~
,,ؼ   ð̾ ϰ οԽϴ
,,"Ѻǿ  ߵǾִ 蹮ȭ  ѷ鼭   ¾
 ;µ    ƽ~ ʹ ؼ^^bbb"
,,  ̷ Ƹٿ   ͳ׿
,,  åϱ ʹ ƿ???
,,åΰ    ̶ ƽ糡  ѹ 湮Ϸ~
,,ؼ  ʹ ƿ
,,ʹ ̻    åϱ  ƿ
,, ó̾µ   åϱ Ҿ
,, ϱ ƿ ٸ Ŀ
,,1⿡ 1  ° ״ÿ ɾ ٶ Ǫ  ƿ.  ̶ ƽ
,,ɼ ̷ ־ٴ~~Ҹ  ʹҽϴ~
,, ̶ ƽ åη soso
,,   Ҿ.
,, ̵ ؼ ٳ!  ̶ ƽ   湮̾ϴ
,,̶ ƽϴ.
,, ˰  å ..   ƴϸ ӿ ִ  ؿ ū 鵵  ϰ ϴ
,,ϰ Ѱ åϱ ƿ
,, ̳׿ Ф   ׳     ƿ.
,,"׳ 䡦
ȱ ʹ Ф
 ̶ ʱ 
åε  ϴ"
,,ѹ  ƿ 츮  蹮ȭ^^
,,ؼ      Ƹٿֺ   ϴ.
,,ٸ ؼ ؿ~! ƿ
,,ģ 
,, ù 湮ε ϰ ɼӾȿ ǳ  ҽϴ   湮ϰ ;
,,  ʹ ƿ~~
,, ̶ Ÿ  å ϰ Գ׿. ᰡ  Ʊ...
,,̵  ģ    ְ ̷Ӱ ߽ϴ
,,ϰ åϱ Ϳ
,, 츮 ȭ  డ ź~
,,ʹ  ٿ  ¥     ʹ ڰ ؼ ҳ׿
,, ;µ ׿
,, ȳֽô а Բ..
,,ڡڡ???? ޻  ƴϰ åϸ鼭  ǹ̸ ǻ ׿~^^*
,,åϱ ʹ  湫ſ Ա Ẹ־
,, ӿ 蹮ȭ
,,ϰ ִ ̶    ƽ
,,å  ñߴ !  ΰ ̿  ƽ.
,, 츮      ְ åϱ ϴ
,,  ƽý
,,     ѷ ϴ
,, ϷǸ  ٽ ;߰ھ :)
,,ϳ    ƿ!
,, Ƽ Ҿ
,,ϰ ʹ ƿ!
,,ϰ ȱ ƿ
,,̿ åϱ ƿ
,,  ̶ 簡   ־  ƿ
,,  ؼ ƿ 簡   ڳ׿
,,̶   ƽ
,, Ƽ åϱ Ҿ
,,ϰ Ծ
,,  Ƽ ƿ.
,,ʹ ߺþ Ѱ  ʹҽϴ
,,￡  ϴ 
,, ϰ ƿ
,,  Ѵٰ ؼ ƽ
,, ƾ ϴ°
,, ѹ  ϴ 
,, Ǫ ƿ䤻
,,ؼ Ұ ϴ ȱƿ
,, 湮غ!
,,ϴ ȱƿ
,,ؼ åϱ   ΰ Ȩ ˷ָ 
,,̶ ׿~~
,,ҳ Ǫ ÿؿ
,,ϱ ƿ
,,ҽϴ
,, а åϱ ҽϴ.
,,å ???? û þ䤾
,,ʹ ִ 
,,Ǯ  
,,     ̿.
,,ʹ Ҵ  ɳ 
,,  ƿ
,,ϰ ʹ ƿ
,,̶ ƽ Ž  ߾̾
,,"ֿ ٸ   Ӱ ǳ  ϸ ο  ַ ɾµ,  ѷΰ ִ  ġ 꿡  ó   鼭 ٶ ¦ ¦ 鸮 ̸  Ƹٿ ǳ ߰ؼ Ҵ "
,,ϰ åϱ ʹ ƿ!
,,̶  ƽ~
,,ᰡ ϴ ƿ.    ƴ õõ 鼭 åϴ ׿.
,,   ƿ!!
,,̶ ƽϴ
